{
  "N": 1319,
  "n_steps": 6,
  "cnt_per_m": [
    1264,
    1094,
    670,
    322
  ],
  "frac_present_per_step_marker": [
    [
      0.08069620253164557,
      0.15447897623400367,
      0.11194029850746269,
      0.08385093167701864
    ],
    [
      0.0625,
      0.17824497257769653,
      0.07611940298507462,
      0.06832298136645963
    ],
    [
      0.05775316455696203,
      0.20292504570383912,
      0.19552238805970149,
      0.09937888198757763
    ],
    [
      0.058544303797468354,
      0.20658135283363802,
      0.18507462686567164,
      0.08695652173913043
    ],
    [
      0.05300632911392405,
      0.21755027422303475,
      0.208955223880597,
      0.14906832298136646
    ],
    [
      0.055379746835443035,
      0.21937842778793418,
      0.21641791044776118,
      0.15838509316770186
    ]
  ],
  "first_step_distribution": {
    "1": {
      "3": 17,
      "-1": 1149,
      "1": 102,
      "2": 33,
      "6": 4,
      "4": 8,
      "5": 6
    },
    "2": {
      "-1": 1022,
      "1": 169,
      "2": 60,
      "4": 11,
      "3": 37,
      "5": 15,
      "6": 5
    },
    "3": {
      "-1": 1132,
      "1": 75,
      "3": 64,
      "5": 13,
      "4": 7,
      "2": 25,
      "6": 3
    },
    "4": {
      "-1": 1253,
      "2": 14,
      "5": 12,
      "1": 27,
      "3": 8,
      "6": 1,
      "4": 4
    }
  }
}