{
  "N": 1319,
  "h1_recovery_after_step3": {
    "n_wrong_at_step3": 838,
    "n_recovered_after_step3": 117,
    "pct": 13.961813842482101
  },
  "h2_stability": {
    "step3=step4": {
      "n_same": 528,
      "n_total": 767,
      "pct": 68.83963494132985
    },
    "step4=step5": {
      "n_same": 405,
      "n_total": 767,
      "pct": 52.803129074315514
    },
    "step5=step6": {
      "n_same": 649,
      "n_total": 767,
      "pct": 84.61538461538461
    },
    "step3=step5": {
      "n_same": 376,
      "n_total": 767,
      "pct": 49.02216427640156
    },
    "step3=step6": {
      "n_same": 352,
      "n_total": 767,
      "pct": 45.89308996088657
    },
    "step4=step6": {
      "n_same": 394,
      "n_total": 767,
      "pct": 51.36897001303781
    }
  },
  "h2b_unique_late_emits": {
    "1": 369,
    "2": 344,
    "3": 55
  },
  "h3_first_digit_pct_by_step": [
    [
      27.92607802874743,
      19.50718685831622,
      13.347022587268995,
      10.164271047227926,
      7.802874743326489,
      7.289527720739219,
      4.414784394250513,
      5.338809034907597,
      4.209445585215605
    ],
    [
      29.429429429429426,
      18.11811811811812,
      12.312312312312311,
      9.70970970970971,
      8.208208208208207,
      7.4074074074074066,
      4.804804804804805,
      5.7057057057057055,
      4.3043043043043046
    ],
    [
      29.418886198547217,
      18.159806295399516,
      13.196125907990314,
      9.927360774818402,
      8.716707021791766,
      6.658595641646489,
      5.084745762711865,
      5.326876513317192,
      3.5108958837772395
    ],
    [
      29.52612393681652,
      18.469015795868774,
      13.122721749696234,
      10.206561360874849,
      8.626974483596598,
      7.411907654921021,
      4.738760631834751,
      4.738760631834751,
      3.1591737545565004
    ],
    [
      27.35483870967742,
      19.483870967741936,
      13.93548387096774,
      10.193548387096774,
      7.870967741935483,
      8.38709677419355,
      4.903225806451613,
      4.516129032258064,
      3.354838709677419
    ],
    [
      27.105263157894736,
      19.736842105263158,
      14.210526315789473,
      9.605263157894736,
      8.421052631578947,
      7.368421052631578,
      4.868421052631579,
      4.868421052631579,
      3.8157894736842106
    ]
  ],
  "h3_last_digit_pct_by_step": [
    [
      35.75076608784474,
      5.107252298263535,
      11.031664964249234,
      4.59652706843718,
      8.478038815117467,
      10.41879468845761,
      7.865168539325842,
      4.59652706843718,
      9.090909090909092,
      3.0643513789581207
    ],
    [
      38.44621513944223,
      5.179282868525896,
      9.163346613545817,
      5.079681274900398,
      8.067729083665338,
      10.756972111553784,
      8.764940239043826,
      4.482071713147411,
      6.97211155378486,
      3.087649402390438
    ],
    [
      37.43961352657005,
      4.710144927536232,
      9.903381642512077,
      5.917874396135265,
      7.85024154589372,
      10.144927536231885,
      7.729468599033816,
      5.797101449275362,
      7.367149758454106,
      3.140096618357488
    ],
    [
      36.72727272727273,
      4.6060606060606055,
      11.393939393939394,
      6.181818181818182,
      8.363636363636363,
      9.93939393939394,
      8.121212121212121,
      4.7272727272727275,
      6.909090909090909,
      3.0303030303030303
    ],
    [
      36.597938144329895,
      3.608247422680412,
      10.438144329896907,
      5.412371134020619,
      9.02061855670103,
      10.18041237113402,
      7.989690721649484,
      6.056701030927835,
      6.572164948453609,
      4.123711340206185
    ],
    [
      36.61417322834646,
      3.805774278215223,
      9.973753280839896,
      5.2493438320209975,
      8.792650918635172,
      10.761154855643044,
      7.742782152230972,
      6.692913385826772,
      6.299212598425196,
      4.0682414698162725
    ]
  ],
  "h3_n_wrong_per_step": [
    979,
    1004,
    828,
    825,
    776,
    762
  ],
  "h4_first_correct_x_chain_length": {
    "1": {
      "n": 329,
      "n_marker_dist": {
        "2": 159,
        "1": 54,
        "0": 15,
        "4": 27,
        "3": 71,
        "5": 3
      }
    },
    "2": {
      "n": 96,
      "n_marker_dist": {
        "4": 11,
        "2": 44,
        "3": 16,
        "1": 14,
        "5": 3,
        "0": 6,
        "7": 1,
        "8": 1
      }
    },
    "3": {
      "n": 143,
      "n_marker_dist": {
        "1": 18,
        "2": 47,
        "3": 62,
        "4": 9,
        "8": 1,
        "0": 3,
        "5": 3
      }
    },
    "4": {
      "n": 25,
      "n_marker_dist": {
        "2": 11,
        "3": 6,
        "1": 2,
        "5": 2,
        "4": 4
      }
    },
    "5": {
      "n": 45,
      "n_marker_dist": {
        "4": 10,
        "3": 18,
        "2": 7,
        "7": 1,
        "5": 6,
        "0": 1,
        "1": 2
      }
    },
    "6": {
      "n": 10,
      "n_marker_dist": {
        "1": 2,
        "2": 6,
        "3": 2
      }
    }
  }
}