{
  "within_op_per_layer_mean": {
    "Addition": [
      -0.05891269202543357,
      -0.05600730007556471,
      -0.05009298427005946,
      -0.04015757525266109,
      -0.03209269870596132,
      -0.028266420358906707,
      -0.0073055895210055975,
      0.06235701766392796,
      0.16943816950040924,
      0.28054206383027275,
      0.3517373623589706,
      0.40402689143546794,
      0.43711678887293853,
      0.47711691402158446,
      0.5193297341540312,
      0.515011176334048,
      0.470671454244427
    ],
    "Subtraction": [
      -0.08176590281608502,
      -0.078354841823856,
      -0.07320473508385879,
      -0.07155311350115,
      -0.07222766368967447,
      -0.07544671028643057,
      -0.05032124423837198,
      0.0711264761638457,
      0.18412417834234307,
      0.2880522608580119,
      0.3428504154837369,
      0.3730128415796208,
      0.39038956039318234,
      0.43985131857008025,
      0.4900150455530441,
      0.5042567186814629,
      0.5000866622401873
    ],
    "Multiplication": [
      0.902879983014858,
      0.902033137492741,
      0.9014091427882797,
      0.9003165278783802,
      0.8981281395559297,
      0.8962247063587085,
      0.8967160068568095,
      0.904633059479622,
      0.913002805108686,
      0.911449200730113,
      0.8969925316953312,
      0.8947062228939067,
      0.8896293093983131,
      0.8907503877292964,
      0.8962808094340374,
      0.8641868058475777,
      0.8624311883276011
    ]
  },
  "within_op_per_layer_step": {
    "Addition": [
      [
        0.3506980399327292,
        0.0687227158864385,
        -0.2927958245318592,
        -0.40643803120709454,
        -0.036847501392331505,
        -0.03681555084048386
      ],
      [
        0.3511272167622748,
        0.07151540838509866,
        -0.28689411967880235,
        -0.40447582282459754,
        -0.035869939335876844,
        -0.03144654376148505
      ],
      [
        0.35281443225491416,
        0.08455235226854432,
        -0.2773297978182117,
        -0.4045584818599786,
        -0.036071610451504484,
        -0.019964800014120442
      ],
      [
        0.36207210001716644,
        0.10071288493663,
        -0.26508148039050694,
        -0.3936344586964104,
        -0.03864898338910954,
        -0.006365513993736078
      ],
      [
        0.3722692013113312,
        0.11364987323995251,
        -0.25864493086484514,
        -0.37343288739868175,
        -0.041774918122338085,
        -0.0046225304011866435
      ],
      [
        0.37222287389138964,
        0.11913387809233268,
        -0.25386644572638467,
        -0.34121698760106034,
        -0.052055339260003136,
        -0.013816501549714404
      ],
      [
        0.3845412203185666,
        0.13152885483597287,
        -0.2276899223650822,
        -0.269751084982145,
        -0.047260809352211774,
        -0.015201795581134082
      ],
      [
        0.40851527189352316,
        0.1691733063846565,
        -0.12687410257504708,
        -0.1089351985953397,
        0.010441846738648826,
        0.02182098213712608
      ],
      [
        0.45707070623297463,
        0.25530349902289806,
        0.03546243260663829,
        0.06244895730106849,
        0.1005315786410868,
        0.10581184319778934
      ],
      [
        0.5010347990719499,
        0.31104222394099146,
        0.19362224591934452,
        0.268023766240099,
        0.2102176164125703,
        0.19931173139668093
      ],
      [
        0.5219738692738858,
        0.35063000380281156,
        0.3322528592836416,
        0.3826458903690773,
        0.2571686794556108,
        0.2657528719687964
      ],
      [
        0.5502741545612292,
        0.37520839171222425,
        0.3997972905714546,
        0.44709827775908245,
        0.3222655708872342,
        0.3295176631215829
      ],
      [
        0.564001879491069,
        0.39750267650703475,
        0.49689016819493126,
        0.47099296271931396,
        0.34264505468718626,
        0.3506679916380956
      ],
      [
        0.6101346203799464,
        0.4623752797735192,
        0.535582344693233,
        0.48586399441081496,
        0.3823333266333794,
        0.3864119182386135
      ],
      [
        0.6190470965545126,
        0.48787517203993386,
        0.5970778515252645,
        0.5333905623472877,
        0.4458030732234403,
        0.4327846492337484
      ],
      [
        0.5896124316636804,
        0.5250252401138199,
        0.5762149031022561,
        0.49579852935513263,
        0.4531336783325347,
        0.4502822754368644
      ],
      [
        0.5040882322749727,
        0.4737035929006761,
        0.5307228082872978,
        0.4772688912777664,
        0.42187615787797494,
        0.41636904284787446
      ]
    ],
    "Subtraction": [
      [
        0.42213605900001805,
        -0.11008909818865897,
        -0.2775280703101188,
        -0.19746256061162049,
        -0.05767355810739078,
        -0.2699781886787392
      ],
      [
        0.4221631937093478,
        -0.1039718556617534,
        -0.2728388200070872,
        -0.19787090752357644,
        -0.05373936720653307,
        -0.2638712942535337
      ],
      [
        0.41994549815966753,
        -0.09761179668793135,
        -0.2625853892605457,
        -0.1988555051640248,
        -0.04831021897003318,
        -0.2518109985802853
      ],
      [
        0.4151671611995667,
        -0.08257311463467504,
        -0.2515280233469655,
        -0.21061511398619365,
        -0.056081640396321644,
        -0.2436879498423109
      ],
      [
        0.4103765540340396,
        -0.06489495073927651,
        -0.24718857317565704,
        -0.21842429324471602,
        -0.0737880989494098,
        -0.23944662006302705
      ],
      [
        0.40633399489368716,
        -0.06213246774789254,
        -0.2447840686209375,
        -0.19671966091221152,
        -0.10868098960511202,
        -0.24669706972611705
      ],
      [
        0.4206139737145902,
        -0.020657917474919272,
        -0.20057859737114184,
        -0.16234545851825488,
        -0.11374696184377779,
        -0.22521250393672831
      ],
      [
        0.45008750241867357,
        0.09436107382384032,
        -0.0167414739461182,
        0.04203541101262697,
        -0.03615343038850013,
        -0.10683022593744823
      ],
      [
        0.4850696324716178,
        0.20757278151198033,
        0.15539979641810978,
        0.164114761549059,
        0.06653061815478249,
        0.026057479948509057
      ],
      [
        0.5207706337904912,
        0.2920375458027748,
        0.2876932318914789,
        0.3126538213347668,
        0.17313694420015155,
        0.14202138812840812
      ],
      [
        0.5423657736754945,
        0.3467487998620436,
        0.385209269525467,
        0.3855889116244631,
        0.21307636241261438,
        0.18411337580233897
      ],
      [
        0.5555158728623943,
        0.382356564512232,
        0.42398232925246254,
        0.40388590642881816,
        0.24794566632311707,
        0.2243907100987006
      ],
      [
        0.5431308523556329,
        0.3622140736127878,
        0.49728028093714,
        0.45664354317242006,
        0.2639839336787507,
        0.21908467860236233
      ],
      [
        0.5746950131231565,
        0.4475594295975278,
        0.5402881558267619,
        0.4759220294874908,
        0.31814117314662893,
        0.2825021102389152
      ],
      [
        0.5880092746263121,
        0.4833796649761958,
        0.5997441908870618,
        0.527075696817215,
        0.373116936711974,
        0.3687645092995052
      ],
      [
        0.585672274132906,
        0.5347582382158125,
        0.6006170265312937,
        0.4841572775772527,
        0.4062923435488422,
        0.4140431520826708
      ],
      [
        0.5425362057745131,
        0.5500791199655969,
        0.6075446767118597,
        0.4566831748892084,
        0.4048402403482333,
        0.4388365557517121
      ]
    ],