{
  "LOGIC-701 (3 latent steps)": {
    "n": 701,
    "teacher_acc": 0.25392296718972895,
    "student_acc": 0.03851640513552068,
    "agreement": 0.7189728958630528,
    "tc_sc": 4,
    "tc_si": 174,
    "ti_sc": 23,
    "ti_si": 500
  }
}