{
  "vary_numerals": {
    "by_T": {
      "5": {
        "best_step_1indexed": 3,
        "best_layer": 11,
        "r2_by_rank": {
          "1": 0.033448806015196286,
          "2": 0.151821579227988,
          "3": 0.1960596705321217,
          "4": 0.24507957063656483,
          "5": 0.34624752054005026,
          "6": 0.41347897438031156
        },
        "r2_per_output_by_rank": {
          "1": [
            0.021659514075151542,
            -0.058680217536763335,
            0.1525408566790848,
            0.17337955432614083,
            -0.08337748338927842,
            -0.012350178692004388
          ],
          "2": [
            0.04906336139711376,
            -0.1328852310128279,
            0.3978506518694811,
            0.5393559398229559,
            0.03838091151487322,
            -0.009777027717348341
          ],
          "3": [
            0.19130572610761254,
            -0.06299446775720585,
            0.5213078060586636,
            0.5506582744155767,
            -0.03901655402575899,
            -0.009318627302608906
          ],
          "4": [
            0.29238465852519835,
            0.10924132870671122,
            0.6219458345979066,
            0.612949878370306,
            -0.16411556887276402,
            -0.009960588396799919
          ],
          "5": [
            0.5255314404518228,
            0.38472426754755884,
            0.703671273265863,
            0.659923411470199,
            -0.15032461065445268,
            -0.035886396087483785
          ],
          "6": [
            0.5355169558449279,
            0.43352817751208517,
            0.8305755299886396,
            0.8162172437077339,
            -0.1488900142683598,
            0.02404488886743883
          ]
        },
        "principal_angle_cosines": {
          "ab": [
            0.4498395621776581,
            0.3522043228149414
          ],
          "ag": [
            0.16228604316711426,
            0.05200106278061867
          ],
          "bg": [
            0.25670191645622253,
            0.1509993076324463
          ]
        }
      },
      "10": {
        "best_step_1indexed": 2,
        "best_layer": 7,
        "r2_by_rank": {
          "1": -0.04780804024374352,
          "2": -0.14283811262684298,
          "3": -0.2396586494162385,
          "4": -0.18282343368766374,
          "5": -0.1852299649614717,
          "6": -0.2348906123295249
        },
        "r2_per_output_by_rank": {
          "1": [
            -0.10084152593417528,
            -0.005640229271473229,
            -0.02964981789370036,
            -0.034877276443727734,
            0.10042219053206713,
            -0.17406210242769649
          ],
          "2": [
            -0.14261659968058282,
            -0.09804814528957095,
            0.054087916413815273,
            -0.32411901942857324,
            0.07631280706689159,
            -0.34286548662142047
          ],
          "3": [
            -0.14352357181952824,
            -0.10768410554216823,
            0.03614074166913195,
            -0.5348991445918772,
            0.10065004958457313,
            -0.6654866606282499
          ],
          "4": [
            -0.08567260006028432,
            0.009531699850173214,
            0.04678542601899349,
            -0.5863829037205095,
            0.17447107760442948,
            -0.5217349165358425
          ],
          "5": [
            -0.042484823049746545,
            0.07101280125855403,
            0.13099146149066387,
            -0.7579478370672934,
            0.1583157997762752,
            -0.5118352160670279
          ],
          "6": [
            -0.09996485064578886,
            -0.011795459690999932,
            0.021385872916250714,
            -0.7288022900763576,
            0.057673761933825896,
            -0.5146650243191155
          ]
        },
        "principal_angle_cosines": {
          "ab": [
            0.25399458408355713,
            0.04696575552225113
          ],
          "ag": [
            0.17182250320911407,
            0.10656878352165222
          ],
          "bg": [
            0.13566561043262482,
            0.019324980676174164
          ]
        }
      },
      "50": {
        "best_step_1indexed": 3,
        "best_layer": 11,
        "r2_by_rank": {
          "1": 0.018357145760003468,
          "2": 0.09855045496261206,
          "3": 0.11737691435512487,
          "4": 0.14513832432303175,
          "5": 0.2158506545943505,
          "6": 0.22217361420534654
        },
        "r2_per_output_by_rank": {
          "1": [
            -0.028395140219402926,
            -0.014767336039516188,
            0.1581156323958064,
            0.13592806978326022,
            -0.0674085254395107,
            -0.07373774044246129
          ],
          "2": [
            0.04980201899594228,
            0.11852069033305279,
            0.23406026288944437,
            0.40261403387939876,
            -0.10347244977973369,
            -0.1236145378264375
          ],
          "3": [
            0.07277768643695037,
            0.18562684214769554,
            0.2619249868806395,
            0.5464334055890747,
            -0.2135444773462909,
            -0.17387944859130045
          ],
          "4": [
            0.17549325062842713,
            0.16835362074406335,
            0.4708625772085179,
            0.5707486680488243,
            -0.22910526695133426,
            -0.29200511504593196
          ],
          "5": [
            0.20978704943406934,
            0.3140483246828749,
            0.6076744365434927,
            0.5919177201020087,
            -0.1656335228020347,
            -0.28909433570315923
          ],
          "6": [
            0.3142274868603512,
            0.3215704935647017,
            0.5999166008238255,
            0.7013195417110938,
            -0.2730171881317507,
            -0.347061967686245
          ]
        },
        "principal_angle_cosines": {
          "ab": [
            0.3616528809070587,
            0.0754769891500473
          ],
          "ag": [
            0.24539321660995483,
            0.12614727020263672
          ],
          "bg": [
            0.1981147825717926,
            0.14587128162384033
          ]
        }
      },
      "100": {
        "best_step_1indexed": 6,
        "best_layer": 11,
        "r2_by_rank": {
          "1": 0.16963472398054513,
          "2": 0.30071102102314307,
          "3": 0.4381345955571373,
          "4": 0.4991775043715686,
          "5": 0.5653134162444698,
          "6": 0.6403779136927865
        },
        "r2_per_output_by_rank": {
          "1": [
            -0.062148979763586576,
            0.5362118099371481,
            0.42744828105078236,
            0.14531036562003674,
            -0.07527877232968949,
            0.004799528955329202
          ],
          "2": [
            0.16641379330642203,
            0.567866290468992,
            0.422324022316493,
            0.4202687503992041,
            0.1142063615146589,
            0.060282021681802855
          ],
          "3": [
            0.24821993165769163,
            0.5676695546221158,
            0.6061869521070768,
            0.3883350079093104,
            0.5594903302243146,
            0.2163127317863932
          ],
          "4": [
            0.2907537069252276,
            0.6072182001384905,
            0.6382569830969611,
            0.6834088598101455,
            0.566147699154525,
            0.145062103871346
          ],
          "5": [
            0.5368863722043903,
            0.6303266128399887,
            0.6331733185386383,
            0.7419159535640123,
            0.5848611453495798,
            0.2032889319606347
          ],
          "6": [
            0.642323868360349,
            0.7800706166873187,
            0.7677339297223469,
            0.7554270538518202,
            0.6386123649257047,
            0.17938086728983393
          ]
        },