{
  "vary_numerals": {
    "periods": [
      5,
      10,
      50,
      100
    ],
    "by_T": {
      "5": {
        "best_step_1indexed": 3,
        "best_layer": 11,
        "median_a_split": 114.0,
        "N_train": 40,
        "N_test": 40,
        "in_dist_R2": {
          "a": 0.4876310419888723,
          "b": 0.823379689697798,
          "gold": -0.0639251052407015
        },
        "ood_R2_train": {
          "a": 0.999999153710124,
          "b": 0.9999998376479313,
          "gold": 0.9999982125958534
        },
        "ood_R2_test": {
          "a": -0.21169468499184174,
          "b": 0.5937331771129961,
          "gold": -1.2205802712020368
        },
        "ood_cos_align": {
          "a": 0.29766918813936577,
          "b": 0.760254189525936,
          "gold": 0.013900526265131042
        },
        "ood_sub_closure_mean_abs": 1.413936972618103,
        "a_train_range": [
          8.0,
          112.0
        ],
        "a_test_range": [
          116.0,
          198.0
        ]
      },
      "10": {
        "best_step_1indexed": 2,
        "best_layer": 7,
        "median_a_split": 114.0,
        "N_train": 40,
        "N_test": 40,
        "in_dist_R2": {
          "a": -0.06485221474478808,
          "b": -0.39126644831663815,
          "gold": -0.2512184547858347
        },
        "ood_R2_train": {
          "a": 0.9975254293668601,
          "b": 0.9966110310386035,
          "gold": 0.9979422267971501
        },
        "ood_R2_test": {
          "a": -0.9400851863817765,
          "b": -0.6314836279950589,
          "gold": -0.7172110765469191
        },
        "ood_cos_align": {
          "a": -0.026739434043918365,
          "b": 0.11118084675588773,
          "gold": 0.04938260891016899
        },
        "ood_sub_closure_mean_abs": 1.2385679483413696,
        "a_train_range": [
          8.0,
          112.0
        ],
        "a_test_range": [
          116.0,
          198.0
        ]
      },
      "50": {
        "best_step_1indexed": 3,
        "best_layer": 11,
        "median_a_split": 114.0,
        "N_train": 40,
        "N_test": 40,
        "in_dist_R2": {
          "a": 0.31848583922048856,
          "b": 0.650646903175832,
          "gold": -0.31040564684186833
        },
        "ood_R2_train": {
          "a": 0.9999995598813244,
          "b": 0.9999996940233298,
          "gold": 0.999999414992838
        },
        "ood_R2_test": {
          "a": -0.18281687369419042,
          "b": 0.3712317779240084,
          "gold": -0.6569870948111618
        },
        "ood_cos_align": {
          "a": 0.1562519632740221,
          "b": 0.5775245359955147,
          "gold": 0.1681436863504735
        },
        "ood_sub_closure_mean_abs": 1.5370556116104126,
        "a_train_range": [
          8.0,
          112.0
        ],
        "a_test_range": [
          116.0,
          198.0
        ]
      },
      "100": {
        "best_step_1indexed": 6,
        "best_layer": 11,
        "median_a_split": 114.0,
        "N_train": 40,
        "N_test": 40,
        "in_dist_R2": {
          "a": 0.7144798512364364,
          "b": 0.7613975990331301,
          "gold": 0.43111862216078867
        },
        "ood_R2_train": {
          "a": 0.9999996194391895,
          "b": 0.999999879131555,
          "gold": 0.9999995173301551
        },
        "ood_R2_test": {
          "a": -0.19252814066825374,
          "b": 0.4566830866260412,
          "gold": 0.051641600831651924
        },
        "ood_cos_align": {
          "a": 0.20106148045025138,
          "b": 0.6781794780525485,
          "gold": 0.2978394517429842
        },
        "ood_sub_closure_mean_abs": 0.9704335927963257,
        "a_train_range": [
          8.0,
          112.0
        ],
        "a_test_range": [
          116.0,
          198.0
        ]
      }
    }
  },
  "vary_both_2digit": {
    "periods": [
      5,
      10,
      50,
      100
    ],
    "by_T": {
      "5": {
        "best_step_1indexed": 5,
        "best_layer": 9,
        "median_a_split": 58.5,
        "N_train": 40,
        "N_test": 40,
        "in_dist_R2": {
          "a": 0.7381255741650831,
          "b": 0.8201758622221359,
          "gold": 0.40325956173164323
        },
        "ood_R2_train": {
          "a": 0.9997906522334831,
          "b": 0.9999092452858874,
          "gold": 0.9994698383507684
        },
        "ood_R2_test": {
          "a": 0.05754823745349491,
          "b": 0.5489954065071367,
          "gold": -0.057201020013738724
        },
        "ood_cos_align": {
          "a": 0.4018336664488012,
          "b": 0.7361649232251208,
          "gold": 0.5317962482988613
        },
        "ood_sub_closure_mean_abs": 1.2746028900146484,
        "a_train_range": [
          11.0,
          58.0
        ],
        "a_test_range": [
          59.0,
          99.0
        ]
      },
      "10": {
        "best_step_1indexed": 3,
        "best_layer": 11,
        "median_a_split": 58.5,
        "N_train": 40,
        "N_test": 40,
        "in_dist_R2": {
          "a": 0.20875649153127063,
          "b": 0.6501906766516576,
          "gold": -0.6410290675293386
        },
        "ood_R2_train": {
          "a": 0.999993068665355,
          "b": 0.9999981415265359,
          "gold": 0.9999859649665122
        },
        "ood_R2_test": {
          "a": -0.2892719201931768,
          "b": 0.4009778125428297,
          "gold": -1.1032818940664817
        },
        "ood_cos_align": {
          "a": 0.33820506185346977,
          "b": 0.6567422452602973,
          "gold": 0.029406844899976293
        },
        "ood_sub_closure_mean_abs": 1.5685880184173584,
        "a_train_range": [
          11.0,
          58.0
        ],
        "a_test_range": [
          59.0,
          99.0
        ]
      },
      "50": {
        "best_step_1indexed": 4,
        "best_layer": 11,
        "median_a_split": 58.5,
        "N_train": 40,
        "N_test": 40,
        "in_dist_R2": {
          "a": 0.773452568656772,
          "b": 0.9194950485491706,
          "gold": 0.5846871833836459
        },
        "ood_R2_train": {
          "a": 0.9999992893706499,
          "b": 0.9999997737660388,
          "gold": 0.9999989304051496
        },
        "ood_R2_test": {
          "a": -0.03973098297329569,
          "b": 0.6101937035295791,
          "gold": 0.09831732612276023
        },
        "ood_cos_align": {
          "a": 0.3278508497896867,
          "b": 0.762126414966659,
          "gold": 0.46557613394595804
        },
        "ood_sub_closure_mean_abs": 0.970267117023468,
        "a_train_range": [
          11.0,
          58.0
        ],
        "a_test_range": [
          59.0,
          99.0
        ]
      },
      "100": {
        "best_step_1indexed": 3,
        "best_layer": 11,
        "median_a_split": 58.5,
        "N_train": 40,
        "N_test": 40,
        "in_dist_R2": {
          "a": 0.9232240551584803,
          "b": 0.9157602035547076,
          "gold": 0.813128780810199
        },
        "ood_R2_train": {
          "a": 0.9999995846475283,
          "b": 0.999999827702741,
          "gold": 0.9999991636450619
        },
        "ood_R2_test": {
          "a": -4.435779487874584,
          "b": 0.2430186969266992,
          "gold": -0.6310637594633248
        },
        "ood_cos_align": {
          "a": -0.35147703345050524,
          "b": 0.6009266097314183,
          "gold": 0.18199520400013172
        },
        "ood_sub_closure_mean_abs": 0.19112423062324524,
        "a_train_range": [
          11.0,
          58.0
        ],
        "a_test_range": [
          59.0,
          99.0
        ]
      }
    }
  }
}