{
  "shape": [
    1000,
    6,
    13,
    768
  ],
  "n_pos": 383,
  "baseline": 0.617,
  "train_acc": [
    [
      0.8925,
      0.94,
      0.94625,
      0.94625,
      0.9375,
      0.93375,
      0.93875,
      0.955,
      0.97625,
      0.985,
      0.99375,
      0.99,
      0.99375
    ],
    [
      0.86875,
      0.9225,
      0.93375,
      0.9425,
      0.9425,
      0.9525,
      0.96,
      0.97125,
      0.98,
      0.9875,
      0.99375,
      0.99625,
      0.99625
    ],
    [
      0.9075,
      0.93625,
      0.9425,
      0.94625,
      0.94625,
      0.955,
      0.95625,
      0.9575,
      0.96875,
      0.985,
      0.9925,
      0.9925,
      0.99875
    ],
    [
      0.86875,
      0.92375,
      0.93875,
      0.94375,
      0.955,
      0.95,
      0.96875,
      0.97375,
      0.98375,
      0.99,
      0.99125,
      0.99875,
      0.9975
    ],
    [
      0.9125,
      0.94,
      0.94,
      0.9425,
      0.95,
      0.95125,
      0.9525,
      0.95375,
      0.97125,
      0.985,
      0.99,
      0.9925,
      1.0
    ],
    [
      0.865,
      0.9175,
      0.93375,
      0.93625,
      0.95,
      0.95375,
      0.96625,
      0.9725,
      0.985,
      0.99125,
      0.99125,
      0.995,
      0.99875
    ]
  ],
  "test_acc": [
    [
      0.745,
      0.78,
      0.82,
      0.805,
      0.78,
      0.775,
      0.755,
      0.77,
      0.785,
      0.815,
      0.785,
      0.785,
      0.8
    ],
    [
      0.73,
      0.78,
      0.79,
      0.78,
      0.8,
      0.79,
      0.795,
      0.765,
      0.785,
      0.81,
      0.765,
      0.77,
      0.755
    ],
    [
      0.76,
      0.77,
      0.755,
      0.75,
      0.755,
      0.765,
      0.78,
      0.8,
      0.79,
      0.8,
      0.775,
      0.765,
      0.78
    ],
    [
      0.745,
      0.795,
      0.8,
      0.815,
      0.8,
      0.82,
      0.82,
      0.785,
      0.79,
      0.795,
      0.78,
      0.8,
      0.765
    ],
    [
      0.765,
      0.78,
      0.775,
      0.775,
      0.775,
      0.795,
      0.79,
      0.79,
      0.805,
      0.795,
      0.77,
      0.78,
      0.8
    ],
    [
      0.78,
      0.815,
      0.81,
      0.815,
      0.805,
      0.81,
      0.815,
      0.795,
      0.77,
      0.81,
      0.785,
      0.79,
      0.785
    ]
  ],
  "train_auc": [
    [
      0.9632849091053426,
      0.9846061231510148,
      0.987602868407822,
      0.9852081183350533,
      0.9851684263448969,
      0.9854727316027626,
      0.9869479505702415,
      0.990506999020931,
      0.9969371014262656,
      0.9990936995580959,
      0.999900770024609,
      0.9995700034399725,
      0.9998676933661454
    ],
    [
      0.946720118546744,
      0.9774284882644015,
      0.9850295043793496,
      0.9881056336164695,
      0.990381307718769,
      0.9911685321902041,
      0.9925842131724485,
      0.996652642163478,
      0.9980947844724934,
      0.9990540075679395,
      0.999828001375989,
      1.0,
      0.9999801540049218
    ],
    [
      0.9692651689555714,
      0.9865047233468286,
      0.9884364002011061,
      0.9893691619697811,
      0.9890979333703792,
      0.9892897779894684,
      0.991783758037628,
      0.9932457463417216,
      0.9953428064883174,
      0.998941546929163,
      0.9998412320393744,
      0.9998412320393745,
      1.0
    ],
    [
      0.9455888968272869,
      0.9800878516048794,
      0.9872919478182636,
      0.9893559313063958,
      0.9898851578418142,
      0.9912148395120531,
      0.9941123547934694,
      0.9969900240798073,
      0.9989944695827049,
      0.9993715434891906,
      0.9996163107618216,
      0.9999867693366145,
      0.9999735386732291
    ],
    [
      0.9721163769151385,
      0.9869347199068561,
      0.9880593262946205,
      0.9892500859993121,
      0.9891640866873065,
      0.9892170093408483,
      0.9919425259982535,
      0.993186208356487,
      0.9954288058003228,
      0.999040776904554,
      0.9997089254055198,
      0.9998676933661454,
      1.0
    ],
    [
      0.9455756661639014,
      0.9787912465931042,
      0.9864981080151358,
      0.9884496308644916,
      0.99055330634278,
      0.9906128443280147,
      0.994343891402715,
      0.9971818686988966,
      0.9987298563149956,
      0.9994443121378106,
      0.9993450821624196,
      0.9999470773464582,
      0.9999933846683073
    ]
  ],
  "test_auc": [
    [
      0.8306409038116355,
      0.8401435962411572,
      0.8561925878999049,
      0.8590433956287615,
      0.8562981733713442,
      0.854503220356879,
      0.844894942455918,
      0.8625277161862528,
      0.8492239467849223,
      0.8650617675007919,
      0.8629500580720093,
      0.8700242846584311,
      0.8683349171154049
    ],
    [
      0.8397212543554007,
      0.8720304086157744,
      0.8713968957871396,
      0.8710801393728222,
      0.865167352972231,
      0.8664343786295006,
      0.8765705838876571,
      0.855453489599831,
      0.8636891563720832,
      0.8549255622426354,
      0.8520747545137789,
      0.8385598141695704,
      0.8439446732129658
    ],
    [
      0.838348643226692,
      0.8413050364269876,
      0.8278956815542181,
      0.8505965579136311,
      0.8527082673424137,
      0.8551367331855136,
      0.8624221307148137,
      0.8715024812585788,
      0.8622109597719354,
      0.8707633829585049,
      0.8547143912997571,
      0.8585154682715658,
      0.8583042973286876
    ],
    [
      0.8320135149403443,
      0.8583042973286876,
      0.8665399641009396,
      0.8646394256150354,
      0.8671734769295745,
      0.8680181607010875,
      0.8745644599303135,
      0.8512300707422659,
      0.8358145919121529,
      0.82525604476824,
      0.8498574596135572,
      0.8403547671840356,
      0.8356034209692746
    ],
    [
      0.8342308098405659,
      0.8436279167986485,
      0.8413050364269876,
      0.8566149297856616,
      0.8626333016576919,
      0.8605215922289093,
      0.8599936648717137,
      0.8666455495723788,
      0.8624221307148137,
      0.8658008658008658,
      0.8530250237567311,
      0.857881955442931,
      0.8557702460141484
    ],
    [
      0.8426776475556963,
      0.858726639214444,
      0.8670678914581355,
      0.8662232076866223,
      0.8705522120156266,
      0.8763594129447788,
      0.8754091437018265,
      0.8560870024284659,
      0.8443670150987225,
      0.8344419807834442,
      0.852180339985218,
      0.8362369337979094,
      0.8470066518847007
    ]
  ],
  "best_step_1indexed": 2,
  "best_layer": 6,
  "best_test_auc": 0.8765705838876571,
  "best_test_acc": 0.795
}