{
  "n_faithful": 581,
  "n_unfaithful": 41,
  "baseline": 0.9340836012861736,
  "N_PERM": 30,
  "N_FOLDS": 5,
  "cv_best_auc": [
    [
      0.5203949307397583,
      0.5206067639257295,
      0.5274830533451222,
      0.534871426466254,
      0.5205754494547599,
      0.5461225316828766,
      0.5509504862953138,
      0.6128020925434718,
      0.6160182729148247,
      0.6004291924550544,
      0.6191184055408193,
      0.5848640583554376,
      0.5990531977600944
    ],
    [
      0.6377689360447981,
      0.629573754789272,
      0.6139349395814913,
      0.5926595195991748,
      0.612785514294135,
      0.6353024609490127,
      0.5901083112290009,
      0.5887894193928677,
      0.6222903772472739,
      0.5616710875331564,
      0.5940705128205128,
      0.5774756852343058,
      0.5639552018862364
    ],
    [
      0.4915450928381963,
      0.5420074417919245,
      0.5221245947539052,
      0.48239574123194817,
      0.4912061597406425,
      0.5271072796934867,
      0.5432084438549956,
      0.5697502210433244,
      0.6273172708517535,
      0.6025438402593575,
      0.607034703801945,
      0.5760020630710285,
      0.5877523577954613
    ],
    [
      0.6110355879752432,
      0.669910477453581,
      0.6617816091954023,
      0.6448239021514883,
      0.6437242116121427,
      0.6623415856174477,
      0.6489205717653993,
      0.6689268346595932,
      0.6663424697907456,
      0.6395059681697612,
      0.7258583849101091,
      0.6834309608016504,
      0.5705809755378721
    ],
    [
      0.4763778367226642,
      0.4761328470380194,
      0.4449988947833775,
      0.4449675803124079,
      0.4598714264662541,
      0.4999097406424992,
      0.5190465664603596,
      0.5408874889478337,
      0.5887746831712348,
      0.5556697612732096,
      0.5528533009136457,
      0.5541058797524314,
      0.5715940907751252
    ],
    [
      0.6081454465075155,
      0.6458996463306809,
      0.6517462422634835,
      0.6307139699381079,
      0.6372034335396404,
      0.65087680518715,
      0.636356100795756,
      0.6628186707928088,
      0.6660919540229885,
      0.6352914087827881,
      0.7736516357206012,
      0.7029619805481875,
      0.5804137194223402
    ]
  ],
  "cv_best_C": [
    [
      0.01,
      0.01,
      0.01,
      0.01,
      0.01,
      0.01,
      0.01,
      0.01,
      0.01,
      0.01,
      0.01,
      0.01,
      10.0
    ],
    [
      0.01,
      0.01,
      0.01,
      0.01,
      10.0,
      0.1,
      0.01,
      0.01,
      10.0,
      0.01,
      1.0,
      0.1,
      10.0
    ],
    [
      0.01,
      0.01,
      0.01,
      0.01,
      0.01,
      0.01,
      0.01,
      0.01,
      0.01,
      0.01,
      0.01,
      0.01,
      0.01
    ],
    [
      0.01,
      1.0,
      0.01,
      0.01,
      0.01,
      0.01,
      0.01,
      0.01,
      0.01,
      0.01,
      10.0,
      10.0,
      10.0
    ],
    [
      0.01,
      0.01,
      0.01,
      0.01,
      0.01,
      0.01,
      10.0,
      0.01,
      0.01,
      0.01,
      0.01,
      0.01,
      0.01
    ],
    [
      0.01,
      0.01,
      0.01,
      0.01,
      0.01,
      0.01,
      0.01,
      0.01,
      0.01,
      0.01,
      10.0,
      10.0,
      10.0
    ]
  ],
  "cv_best_std": [
    [
      0.0546279403741992,
      0.062191476993051296,
      0.054792941038228085,
      0.06621489139706903,
      0.06344284558606018,
      0.06237402242540267,
      0.0631299698737314,
      0.07697679425262548,
      0.08014797852849333,
      0.07636785000861324,
      0.0690396636713022,
      0.06628496507330182,
      0.10352794722178589
    ],
    [
      0.12694178868354722,
      0.12578379068850898,
      0.11443551762890028,
      0.11316002990099071,
      0.08809504329503885,
      0.09038704668733283,
      0.0813725295714935,
      0.09266633805127789,
      0.07814765887202212,
      0.08397589067018645,
      0.05381788082596281,
      0.08619813053381546,
      0.11568549270079723
    ],
    [
      0.12379627967738753,
      0.102707572366033,
      0.08639461489204979,
      0.08485432798824763,
      0.08778645207784895,
      0.08468763575213227,
      0.07724373206638899,
      0.06985147944983082,
      0.0689376998173007,
      0.10155020787850562,
      0.08820571339534834,
      0.08695176925290315,
      0.09704566531388438
    ],
    [
      0.11517771600210247,
      0.07769916804993633,
      0.11053641921817635,
      0.12734246880990369,
      0.11779447091233225,
      0.09871359449765799,
      0.0966642721989633,
      0.07748628637260847,
      0.052991690223702925,
      0.07836782379308174,
      0.0771004281989444,
      0.11634327157749581,
      0.1148196602735963
    ],
    [
      0.09439310523694802,
      0.09126388164434321,
      0.09196266601687851,
      0.08321625248115842,
      0.08291532524332938,
      0.08375964591229013,
      0.04085689533617074,
      0.0730016680108812,
      0.06826844498795606,
      0.07420394772651413,
      0.060891546138560175,
      0.07526144895813969,
      0.06844130136237732
    ],
    [
      0.10293553959352769,
      0.09962039362136615,
      0.09704575877154872,
      0.1106446905876349,
      0.10302369934064604,
      0.08937991473273522,
      0.076763866566851,
      0.0664619484468717,
      0.051745275144001554,
      0.0785375248563172,
      0.08409249520077981,
      0.11990942007346025,
      0.127635446105689
    ]
  ],
  "perm_mean_auc": [
    [
      0.5162363075940662,
      0.47618473081835144,
      0.49879285784458194,
      0.4798782419687592,
      0.5223122973769525,
      0.4832388987130367,
      0.5108448153060222,
      0.5024751326259947,
      0.49602957068474307,
      0.5103496782591611,
      0.5132002775321741,
      0.5126519672855879,
      0.5057771514883583
    ],
    [
      0.4961403379506828,
      0.4983991551232931,
      0.5179194297082227,
      0.4975416912270362,
      0.5024282530209255,
      0.5049793078887906,
      0.4955318547990962,
      0.5132474948423223,
      0.4976157407407407,
      0.5061772399056881,
      0.5073329894881619,
      0.4872850967678554,
      0.5037958050889085
    ],
    [
      0.49845932802829357,
      0.5120693339227821,
      0.5029609981334118,
      0.4970693953237056,
      0.47823202180960794,
      0.5062743761666175,
      0.5080462226151881,
      0.5153318105904312,
      0.49358882257589154,
      0.5021156916200019,
      0.5129850672954122,
      0.5210980941153355,
      0.4994406989881128
    ],
    [
      0.5114468513606446,
      0.5046194984772571,
      0.48541433343157475,
      0.5058008522448179,
      0.5169110423420767,
      0.4999705275567345,
      0.5152307446703998,
      0.509940932311622,
      0.5038481186757048,
      0.5062178873170252,
      0.4799609490126731,
      0.491786398467433,
      0.48446446114549563
    ],
    [
      0.5045267830828176,
      0.4973310860595343,
      0.5056397976225562,
      0.5202476913252776,
      0.5062607451616074,
      0.5060051331172021,
      0.49762706921112104,
      0.5054893653600551,
      0.5086872482562138,
      0.49010769721976616,
      0.5175085961292858,
      0.5072963945377738,
      0.4993801576775715
    ],
    [
      0.5115698374103547,
      0.4920011174968071,
      0.5124290819333922,
      0.47043778858434027,
      0.5072944911091463,
      0.4874226962373514,
      0.5209058478239513,
      0.5008055187150015,
      0.5319691890166028,
      0.5114719029374203,
      0.4925034998526378,
      0.47969170596325766,
      0.5053124692995383
    ]
  ],