{
  "vary_numerals": {
    "N": 80,
    "N_LAYERS": 12,
    "r2_per_layer": {
      "K_a->a": [
        0.9809078717091285,
        0.986020169648431,
        0.9808505133052929,
        0.9837545343163429,
        0.9880114229325107,
        0.9895162603153332,
        0.9899863187741119,
        0.9898908775286489,
        0.9910655730928992,
        0.990187042268355,
        0.987812061218868,
        0.9834626841244621
      ],
      "V_a->a": [
        0.9776101581064464,
        0.9890419554686285,
        0.9888549416413608,
        0.9859932880401299,
        0.9891328850528142,
        0.9890152909680391,
        0.9895420597551023,
        0.9888608203267517,
        0.9876081054773765,
        0.98263603223425,
        0.9753648426512462,
        0.9775090046008056
      ],
      "K_b->b": [
        0.974763249964969,
        0.9596094870503091,
        0.9468804786296707,
        0.9636723522155706,
        0.9646787643432914,
        0.9477999486415355,
        0.9570179842201761,
        0.9547768139535462,
        0.9603774913756807,
        0.9607685890881132,
        0.9605127646319245,
        0.9519532725705454
      ],
      "V_b->b": [
        0.9706024773342188,
        0.9571832496063616,
        0.9602204044743939,
        0.9596471646155527,
        0.9544618720682692,
        0.9589637020245798,
        0.9572616280251932,
        0.9528054151259439,
        0.9567105628614574,
        0.9479530765588253,
        0.9405908558240882,
        0.9425893378940379
      ],
      "K_a->gold": [
        -0.25919934212268614,
        -0.14481741290655448,
        -0.1558898964486768,
        -0.4402262200467353,
        -0.24247643732247726,
        -0.2576964093315397,
        -0.20593440476906522,
        -0.1956311407512723,
        -0.21233531916137083,
        -0.23278786345899638,
        -0.43103270374971925,
        -0.4186852299439594
      ],
      "V_a->gold": [
        0.08258974373915184,
        -0.02270961425798279,
        -0.23034651246395077,
        -0.32213757541939914,
        -0.15505463116220564,
        -0.2523155395825982,
        -0.19576163716301376,
        -0.5165599651380208,
        -0.5195475233997349,
        -0.6893721533873018,
        -0.6809378145703051,
        -0.7409050949427602
      ],
      "K_b->gold": [
        -1.327672796391945,
        -0.8390849262256288,
        0.3838495311080852,
        0.18624114308884843,
        0.4209321050292917,
        0.6831266141743815,
        0.710273197087278,
        0.7267306962063635,
        0.6587648828452156,
        0.6870316531231923,
        0.49840136790713463,
        0.3865930001650908
      ],
      "V_b->gold": [
        -0.8692979667645937,
        -0.6485698266996873,
        -0.12658216652955057,
        -0.11027068358893777,
        0.40620746222262016,
        0.43867473288743764,
        0.6082310477450761,
        0.5053967951917522,
        0.5172849204914504,
        0.4908731857622587,
        0.13414139392684954,
        0.08355401714954747
      ],
      "K_a->b": [
        -0.360224619719236,
        -0.21689844167449257,
        -0.3298578513224344,
        -0.5478333910052464,
        -0.4080123209303861,
        -0.39153417515357325,
        -0.3604416856444661,
        -0.342843577490606,
        -0.3655478419238518,
        -0.3546613517857413,
        -0.6400592170976214,
        -0.5851527301307791
      ],
      "V_a->b": [
        -0.0308946871012028,
        -0.12732402758760752,
        -0.3706474513444389,
        -0.43576761167833555,
        -0.330895120530287,
        -0.39737608001031055,
        -0.34999444965907034,
        -0.6520857895158703,
        -0.6644300912132479,
        -0.8384013345421546,
        -0.8804125336506372,
        -0.9472388248093322
      ]
    }
  },
  "vary_both_2digit": {
    "N": 80,
    "N_LAYERS": 12,
    "r2_per_layer": {
      "K_a->a": [
        0.9932598880079068,
        0.990847935744763,
        0.9928068234159103,
        0.9908477476705839,
        0.9925707544539382,
        0.9934070058658752,
        0.993785438376373,
        0.995792473295011,
        0.9924712852925918,
        0.9949892233013632,
        0.9949086707212407,
        0.9932190728209022
      ],
      "V_a->a": [
        0.9938323400092854,
        0.9918918196328317,
        0.993904829482794,
        0.9919206429116855,
        0.9922542041094565,
        0.9950938267643978,
        0.9932571565067805,
        0.9948183418135449,
        0.9911545430688564,
        0.9919226305741174,
        0.9922444810783791,
        0.9933373690577612
      ],
      "K_b->b": [
        0.9838707535376782,
        0.9775086867943066,
        0.9822701480328198,
        0.9810050241877268,
        0.9892792290655694,
        0.9894855415095225,
        0.9872978648277104,
        0.9860009089198705,
        0.9882199226296707,
        0.9903097644026077,
        0.9860843594273973,
        0.9834913242885317
      ],
      "V_b->b": [
        0.9850433358230836,
        0.9734249629387985,
        0.9837467887767357,
        0.9860129856945362,
        0.9835763303452478,
        0.9853480267575037,
        0.9826120785187552,
        0.9899245632483799,
        0.9890275719159262,
        0.9841832397546746,
        0.9754897136183001,
        0.9775035666674778
      ],
      "K_a->gold": [
        -0.22887607039611102,
        -0.35257319475742466,
        -0.3316954487309154,
        -0.5695062952623717,
        -0.5072227570575178,
        -0.43099886117083885,
        -0.36901669499315437,
        -0.2891108270109559,
        -0.5728971706026076,
        -0.3259603127446451,
        -0.41879772952115024,
        -0.5434352007266312
      ],
      "V_a->gold": [
        -0.002755238811282812,
        -0.08923296054184959,
        -0.31506423183343224,
        -0.3646407013812343,
        -0.45780266184480967,
        -0.38609797201266005,
        -0.31576556900413233,
        -0.49990436398062266,
        -0.4809381259332679,
        -0.4999318853653183,
        -0.5570985119818679,
        -0.549238388338738
      ],
      "K_b->gold": [
        -0.59603379013686,
        -0.05270204574391957,
        0.42111345732670713,
        0.5818411156788121,
        0.7583214810732575,
        0.806558061890421,
        0.7808492747185696,
        0.844126329205539,
        0.7426857290274674,
        0.7599959092749429,
        0.7009911802772093,
        0.7179360792155578
      ],
      "V_b->gold": [
        -0.3539340368455455,
        0.03293787874013432,
        0.4552111603456619,
        0.6147347440196586,
        0.6532760759583072,
        0.7425866656137248,
        0.8107433660763828,
        0.7215422827167963,
        0.6951691861000535,
        0.5078238367350669,
        0.4119488948129427,
        0.547142583990144
      ],
      "K_a->b": [
        -0.3475455942183283,
        -0.5336562410234968,
        -0.4710057456866992,
        -0.725810518812011,
        -0.6850401142455436,
        -0.6201497871122006,
        -0.5510070566774932,
        -0.4359191322690741,
        -0.7618725244236233,
        -0.5186617150455999,
        -0.6012380188293556,
        -0.720252893968806
      ],
      "V_a->b": [
        -0.09287417954040733,
        -0.22832373040483667,
        -0.4629992931333029,
        -0.5306839107117216,
        -0.6480494016474034,
        -0.5297434809818842,
        -0.4891667874704839,
        -0.6928985210888088,
        -0.6783551441343032,
        -0.715867647933071,
        -0.7859643843725563,
        -0.7467802282294953
      ]
    }
  }
}