{
  "N": 1000,
  "n_wr": 70,
  "n_rw": 34,
  "n_same": 896,
  "delta_norm_overall": [
    63.35813522338867,
    64.5312728881836,
    56.52750015258789,
    52.09046173095703,
    53.833953857421875,
    60.271583557128906,
    73.717529296875,
    84.638916015625,
    99.35136413574219,
    122.4733657836914,
    119.26282501220703,
    105.454833984375,
    23.119232177734375
  ],
  "delta_norm_wr": [
    67.78547668457031,
    67.75311279296875,
    57.822147369384766,
    53.17637634277344,
    54.66455841064453,
    60.790157318115234,
    73.4531478881836,
    85.26757049560547,
    100.19718933105469,
    127.84745025634766,
    128.25718688964844,
    117.3002700805664,
    32.581298828125
  ],
  "delta_norm_rw": [
    70.71290588378906,
    69.73637390136719,
    59.288028717041016,
    55.754066467285156,
    57.784690856933594,
    64.18490600585938,
    77.59811401367188,
    90.12467956542969,
    107.32443237304688,
    136.79592895507812,
    140.62875366210938,
    133.15353393554688,
    25.847015380859375
  ],
  "layer_top_tokens": {
    "0": [
      [
        " credit",
        -2.3154547214508057
      ],
      [
        " perfect",
        -3.537712574005127
      ],
      [
        " the",
        -3.771517753601074
      ],
      [
        " '",
        -4.41025447845459
      ],
      [
        " scores",
        -4.492932319641113
      ]
    ],
    "1": [
      [
        " Flavoring",
        3.899927854537964
      ],
      [
        " combined",
        3.0174620151519775
      ],
      [
        " credit",
        2.7345967292785645
      ],
      [
        " perfect",
        2.633035182952881
      ],
      [
        "ivities",
        2.4525582790374756
      ]
    ],
    "2": [
      [
        " Flavoring",
        8.594550132751465
      ],
      [
        "ivities",
        7.292856216430664
      ],
      [
        "htaking",
        6.705865859985352
      ],
      [
        "allo",
        6.075030326843262
      ],
      [
        " credit",
        5.917425155639648
      ]
    ],
    "3": [
      [
        "isode",
        8.309179306030273
      ],
      [
        "htaking",
        8.140766143798828
      ],
      [
        " perfect",
        7.286293029785156
      ],
      [
        " Flavoring",
        7.264039516448975
      ],
      [
        " credit",
        7.053983688354492
      ]
    ],
    "4": [
      [
        "pmwiki",
        12.270967483520508
      ],
      [
        " Flavoring",
        10.54736328125
      ],
      [
        "isode",
        9.87474250793457
      ],
      [
        "aneers",
        9.339723587036133
      ],
      [
        " Berm",
        9.021196365356445
      ]
    ],
    "5": [
      [
        "isode",
        12.303018569946289
      ],
      [
        "pmwiki",
        12.136238098144531
      ],
      [
        "ivities",
        12.084615707397461
      ],
      [
        "aneers",
        11.597708702087402
      ],
      [
        " Flavoring",
        11.321800231933594
      ]
    ],
    "6": [
      [
        "iaries",
        16.122894287109375
      ],
      [
        "ivities",
        15.431167602539062
      ],
      [
        "ggies",
        14.327316284179688
      ],
      [
        "nings",
        13.560831069946289
      ],
      [
        " Berm",
        13.55842399597168
      ]
    ],
    "7": [
      [
        "iaries",
        19.037723541259766
      ],
      [
        "ggies",
        16.132190704345703
      ],
      [
        "ivities",
        16.003440856933594
      ],
      [
        "nings",
        14.510594367980957
      ],
      [
        "antha",
        14.37460708618164
      ]
    ],
    "8": [
      [
        "iaries",
        17.208566665649414
      ],
      [
        "ivities",
        14.411617279052734
      ],
      [
        "inez",
        14.151039123535156
      ],
      [
        "ggies",
        13.718870162963867
      ],
      [
        "secut",
        13.662651062011719
      ]
    ],
    "9": [
      [
        "iaries",
        10.910966873168945
      ],
      [
        "inez",
        10.06727409362793
      ],
      [
        "secut",
        9.783564567565918
      ],
      [
        "ked",
        9.12946891784668
      ],
      [
        " recess",
        9.016156196594238
      ]
    ],
    "10": [
      [
        "quarter",
        20.584848403930664
      ],
      [
        " two",
        20.505094528198242
      ],
      [
        "one",
        20.354066848754883
      ],
      [
        "out",
        20.320751190185547
      ],
      [
        " young",
        20.017887115478516
      ]
    ],
    "11": [
      [
        " habit",
        52.70684051513672
      ],
      [
        "\ufffd\ufffd",
        50.978721618652344
      ],
      [
        " captcha",
        50.892967224121094
      ],
      [
        "inges",
        50.791847229003906
      ],
      [
        " tyr",
        50.528709411621094
      ]
    ],
    "12": [
      [
        " eleph",
        221.3288116455078
      ],
      [
        " subur",
        220.79379272460938
      ],
      [
        " pione",
        219.93505859375
      ],
      [
        " exting",
        218.61827087402344
      ],
      [
        "oreAnd",
        217.89016723632812
      ]
    ]
  },
  "cohort_top_wr": {
    "0": [
      [
        " credit",
        -2.359541893005371
      ],
      [
        " perfect",
        -3.452082633972168
      ],
      [
        " moderation",
        -3.569523334503174
      ],
      [
        " scores",
        -3.6539533138275146
      ]
    ],
    "1": [
      [
        " combined",
        2.3220112323760986
      ],
      [
        " Flavoring",
        1.4646973609924316
      ],
      [
        "pmwiki",
        0.9009630680084229
      ],
      [
        " credit",
        0.777915358543396
      ]
    ],
    "2": [
      [
        "pmwiki",
        6.007490158081055
      ],
      [
        " Flavoring",
        5.439052581787109
      ],
      [
        "allo",
        3.735852003097534
      ],
      [
        " combined",
        3.6045217514038086
      ]
    ],
    "3": [
      [
        "pmwiki",
        7.30731201171875
      ],
      [
        "aneers",
        5.442512512207031
      ],
      [
        " Flavoring",
        4.923610687255859
      ],
      [
        "allo",
        4.903105735778809
      ]
    ],
    "4": [
      [
        "pmwiki",
        12.505205154418945
      ],
      [
        "aneers",
        9.400392532348633
      ],
      [
        " Flavoring",
        7.913674831390381
      ],
      [
        "isode",
        6.380832195281982
      ]
    ],
    "5": [
      [
        "pmwiki",
        12.801095008850098
      ],
      [
        "aneers",
        11.567085266113281
      ],
      [
        "mble",
        9.269001007080078
      ],
      [
        " Flavoring",
        9.099077224731445
      ]
    ],
    "6": [
      [
        "pmwiki",
        13.708250999450684
      ],
      [
        "aneers",
        13.422845840454102
      ],
      [
        "iaries",
        12.680018424987793
      ],
      [
        " Berm",
        12.65064811706543
      ]
    ],
    "7": [
      [
        "iaries",
        15.364381790161133
      ],
      [
        "insula",
        14.432441711425781
      ],
      [
        "aneers",
        14.13381290435791
      ],
      [
        "pmwiki",
        14.002401351928711
      ]
    ],
    "8": [
      [
        "iaries",
        12.765419006347656
      ],
      [
        "aneers",
        12.238390922546387
      ],
      [
        "mble",
        12.020004272460938
      ],
      [
        "\ufffd\ufffd",
        11.908795356750488
      ]
    ],
    "9": [
      [
        "ris",
        6.219869136810303
      ],
      [
        "quarter",
        5.94965124130249
      ],
      [
        "is",
        5.713528156280518
      ],
      [
        "inez",
        5.675283908843994
      ]
    ],