{
  "orig_acc": [
    [
      0.9980000257492065,
      1.0,
      0.996999979019165,
      0.9990000128746033,
      0.996999979019165,
      0.9990000128746033
    ],
    [
      0.9980000257492065,
      1.0,
      0.9980000257492065,
      1.0,
      1.0,
      1.0
    ],
    [
      0.9990000128746033,
      0.9990000128746033,
      1.0,
      1.0,
      0.9990000128746033,
      1.0
    ],
    [
      0.9990000128746033,
      1.0,
      0.9980000257492065,
      0.9990000128746033,
      0.9990000128746033,
      1.0
    ],
    [
      0.9980000257492065,
      1.0,
      1.0,
      1.0,
      0.9980000257492065,
      1.0
    ],
    [
      0.9950000047683716,
      1.0,
      0.9990000128746033,
      1.0,
      0.9990000128746033,
      1.0
    ],
    [
      0.9990000128746033,
      1.0,
      1.0,
      1.0,
      1.0,
      1.0
    ],
    [
      0.9990000128746033,
      1.0,
      1.0,
      1.0,
      1.0,
      1.0
    ],
    [
      1.0,
      1.0,
      1.0,
      1.0,
      1.0,
      1.0
    ],
    [
      1.0,
      0.9990000128746033,
      1.0,
      1.0,
      1.0,
      1.0
    ],
    [
      1.0,
      1.0,
      1.0,
      1.0,
      1.0,
      1.0
    ],
    [
      0.9990000128746033,
      1.0,
      1.0,
      1.0,
      1.0,
      1.0
    ],
    [
      1.0,
      1.0,
      1.0,
      1.0,
      1.0,
      1.0
    ]
  ],
  "cf_acc": [
    [
      0.46005916595458984,
      0.6612426042556763,
      0.4467455744743347,
      0.5221893787384033,
      0.4038461446762085,
      0.5473372936248779
    ],
    [
      0.440828412771225,
      0.7559171319007874,
      0.4467455744743347,
      0.6849112510681152,
      0.48520711064338684,
      0.665680468082428
    ],
    [
      0.4970414340496063,
      0.7677514553070068,
      0.48076921701431274,
      0.7085798978805542,
      0.4866863787174225,
      0.7218934893608093
    ],
    [
      0.49852070212364197,
      0.7884615659713745,
      0.5118343234062195,
      0.7248520851135254,
      0.534023642539978,
      0.7248520851135254
    ],
    [
      0.4926035404205322,
      0.7899408340454102,
      0.5281065106391907,
      0.7588757276535034,
      0.5798816680908203,
      0.7189348936080933
    ],
    [
      0.5502958297729492,
      0.773668646812439,
      0.6094674468040466,
      0.7618343234062195,
      0.610946774482727,
      0.6849112510681152
    ],
    [
      0.6213017702102661,
      0.7825443744659424,
      0.642011821269989,
      0.7559171319007874,
      0.6508875489234924,
      0.7189348936080933
    ],
    [
      0.6730769276618958,
      0.8017751574516296,
      0.723372757434845,
      0.8091716170310974,
      0.6760355234146118,
      0.7662721872329712
    ],
    [
      0.7692307829856873,
      0.807692289352417,
      0.6982248425483704,
      0.8032544255256653,
      0.7337278127670288,
      0.8121301531791687
    ],
    [
      0.8461538553237915,
      0.7795857787132263,
      0.7795857787132263,
      0.7692307829856873,
      0.7884615659713745,
      0.8032544255256653
    ],
    [
      0.8106508851051331,
      0.7041420340538025,
      0.7869822382926941,
      0.75,
      0.7795857787132263,
      0.7470414042472839
    ],
    [
      0.8624260425567627,
      0.6538461446762085,
      0.8136094808578491,
      0.6863905191421509,
      0.8180473446846008,
      0.6819526553153992
    ],
    [
      0.831360936164856,
      0.5532544255256653,
      0.7855029702186584,
      0.5917159914970398,
      0.8091716170310974,
      0.6020709872245789
    ]
  ],
  "var_ratio": [
    [
      [
        0.4675501883029938,
        0.37380966544151306
      ],
      [
        0.5615870952606201,
        0.2680671811103821
      ],
      [
        0.48289015889167786,
        0.3057616651058197
      ],
      [
        0.47304537892341614,
        0.369269996881485
      ],
      [
        0.4375591576099396,
        0.3569459319114685
      ],
      [
        0.5583363771438599,
        0.27872833609580994
      ]
    ],
    [
      [
        0.559670627117157,
        0.286245197057724
      ],
      [
        0.6326510906219482,
        0.2529451251029968
      ],
      [
        0.5750583410263062,
        0.2535209655761719
      ],
      [
        0.6016249656677246,
        0.27505430579185486
      ],
      [
        0.493565171957016,
        0.29372066259384155
      ],
      [
        0.6557284593582153,
        0.21793286502361298
      ]
    ],
    [
      [
        0.5286487340927124,
        0.31336504220962524
      ],
      [
        0.660902738571167,
        0.22487255930900574
      ],
      [
        0.5473599433898926,
        0.24282945692539215
      ],
      [
        0.6852830052375793,
        0.19694870710372925
      ],
      [
        0.5483806133270264,
        0.24659420549869537
      ],
      [
        0.6571029424667358,
        0.2040005475282669
      ]
    ],
    [
      [
        0.5586147904396057,
        0.27972012758255005
      ],
      [
        0.6385281682014465,
        0.23124505579471588
      ],
      [
        0.608259916305542,
        0.22218576073646545
      ],
      [
        0.6456683874130249,
        0.232261523604393
      ],
      [
        0.5640442967414856,
        0.2502463459968567
      ],
      [
        0.61767578125,
        0.25902459025382996
      ]
    ],
    [
      [
        0.5611335039138794,
        0.2772725820541382
      ],
      [
        0.6474989056587219,
        0.2257985770702362
      ],
      [
        0.6444456577301025,
        0.19403649866580963
      ],
      [
        0.6752455234527588,
        0.20130902528762817
      ],
      [
        0.6206121444702148,
        0.20784446597099304
      ],
      [
        0.6361898183822632,
        0.2235780507326126
      ]
    ],
    [
      [
        0.5764171481132507,
        0.29062649607658386
      ],
      [
        0.6878825426101685,
        0.20404209196567535
      ],
      [
        0.6331734657287598,
        0.21801477670669556
      ],
      [
        0.6657477617263794,
        0.2204466015100479
      ],
      [
        0.630534827709198,
        0.2214645892381668
      ],
      [
        0.6399559378623962,
        0.22429326176643372
      ]
    ],
    [
      [
        0.5708450675010681,
        0.27744701504707336
      ],
      [
        0.6743043065071106,
        0.20308028161525726
      ],
      [
        0.628612756729126,
        0.22906401753425598
      ],
      [
        0.6273571848869324,
        0.2329479306936264
      ],
      [
        0.6277364492416382,
        0.22102949023246765
      ],
      [
        0.6280962228775024,
        0.23141416907310486
      ]
    ],
    [
      [
        0.6019020080566406,
        0.27497193217277527
      ],
      [
        0.7035973072052002,
        0.18793903291225433
      ],
      [
        0.6437749862670898,
        0.24957935512065887
      ],
      [
        0.6734971404075623,
        0.21054308116436005
      ],
      [
        0.6075515747070312,
        0.25086668133735657
      ],
      [
        0.6769786477088928,
        0.20157435536384583
      ]
    ],
    [
      [
        0.6294807195663452,
        0.2518780827522278
      ],
      [
        0.660091757774353,
        0.22260123491287231
      ],
      [
        0.6153750419616699,
        0.2587778568267822
      ],
      [
        0.6625151038169861,
        0.21725712716579437
      ],
      [
        0.5821417570114136,
        0.28412842750549316
      ],
      [
        0.645437479019165,
        0.22964920103549957
      ]
    ],
    [
      [
        0.6526216268539429,
        0.2535879909992218
      ],
      [
        0.6162509918212891,
        0.24882319569587708
      ],
      [
        0.6319841742515564,
        0.2533370852470398
      ],
      [
        0.5976994037628174,
        0.25697576999664307
      ],
      [
        0.6288377046585083,
        0.2409818321466446
      ],
      [
