{
  "orig_acc": [
    [
      0.9545109868049622,
      0.9628506302833557,
      0.9370735287666321,
      0.9560272693634033,
      0.9287338852882385,
      0.9469295144081116
    ],
    [
      0.9636088013648987,
      0.967399537563324,
      0.9370735287666321,
      0.9658832550048828,
      0.9294920563697815,
      0.952994704246521
    ],
    [
      0.9583017230033875,
      0.9696739912033081,
      0.9469295144081116,
      0.9658832550048828,
      0.9476876258850098,
      0.9613343477249146
    ],
    [
      0.9567854404449463,
      0.9742228984832764,
      0.9492039680480957,
      0.9636088013648987,
      0.9552691578865051,
      0.9613343477249146
    ],
    [
      0.9643669724464417,
      0.9727066159248352,
      0.9567854404449463,
      0.9636088013648987,
      0.9552691578865051,
      0.9643669724464417
    ],
    [
      0.9605761766433716,
      0.9689158201217651,
      0.9636088013648987,
      0.9734647274017334,
      0.9598180651664734,
      0.9567854404449463
    ],
    [
      0.9689158201217651,
      0.9696739912033081,
      0.9545109868049622,
      0.967399537563324,
      0.9628506302833557,
      0.9598180651664734
    ],
    [
      0.9727066159248352,
      0.966641366481781,
      0.9598180651664734,
      0.9696739912033081,
      0.9689158201217651,
      0.9628506302833557
    ],
    [
      0.9719484448432922,
      0.9719484448432922,
      0.9727066159248352,
      0.9711902737617493,
      0.9613343477249146,
      0.9704321622848511
    ],
    [
      0.981804370880127,
      0.9704321622848511,
      0.9764973521232605,
      0.9727066159248352,
      0.9613343477249146,
      0.9772555232048035
    ],
    [
      0.9802880883216858,
      0.9704321622848511,
      0.9795299172401428,
      0.9590598940849304,
      0.9696739912033081,
      0.9689158201217651
    ],
    [
      0.981804370880127,
      0.9689158201217651,
      0.9734647274017334,
      0.9643669724464417,
      0.966641366481781,
      0.967399537563324
    ],
    [
      0.9704321622848511,
      0.9651250839233398,
      0.9696739912033081,
      0.9636088013648987,
      0.9651250839233398,
      0.9507202506065369
    ]
  ],
  "cf_acc": [
    [
      0.25147929787635803,
      0.26035502552986145,
      0.22337278723716736,
      0.20562130212783813,
      0.1878698170185089,
      0.21893490850925446
    ],
    [
      0.31065088510513306,
      0.332840234041214,
      0.22781065106391907,
      0.2958579957485199,
      0.23964497447013855,
      0.24852071702480316
    ],
    [
      0.3417159616947174,
      0.4008875787258148,
      0.21301774680614471,
      0.309171587228775,
      0.23964497447013855,
      0.29289939999580383
    ],
    [
      0.25147929787635803,
      0.27662721276283264,
      0.20710058510303497,
      0.3195266127586365,
      0.21301774680614471,
      0.32248520851135254
    ],
    [
      0.25,
      0.2795858085155487,
      0.22781065106391907,
      0.31065088510513306,
      0.21597632765769958,
      0.2840236723423004
    ],
    [
      0.3254437744617462,
      0.3417159616947174,
      0.21153846383094788,
      0.27662721276283264,
      0.2248520702123642,
      0.2869822382926941
    ],
    [
      0.2958579957485199,
      0.23668639361858368,
      0.25,
      0.33136093616485596,
      0.23224851489067078,
      0.27662721276283264
    ],
    [
      0.3210059106349945,
      0.2825443744659424,
      0.27662721276283264,
      0.2781065106391907,
      0.2707100510597229,
      0.2544378638267517
    ],
    [
      0.3757396340370178,
      0.26923078298568726,
      0.2914201319217682,
      0.27662721276283264,
      0.27366864681243896,
      0.31804734468460083
    ],
    [
      0.392011821269989,
      0.2840236723423004,
      0.309171587228775,
      0.4008875787258148,
      0.2869822382926941,
      0.40236687660217285
    ],
    [
      0.43195265531539917,
      0.28106507658958435,
      0.3136094808578491,
      0.3550295829772949,
      0.3372780978679657,
      0.415680468082428
    ],
    [
      0.36538460850715637,
      0.3298816680908203,
      0.32248520851135254,
      0.2914201319217682,
      0.35650888085365295,
      0.28106507658958435
    ],
    [
      0.42307692766189575,
      0.2958579957485199,
      0.3136094808578491,
      0.309171587228775,
      0.42307692766189575,
      0.26035502552986145
    ]
  ],