{
  "L": 13,
  "cf_acc": {
    "0": {
      "indiv": [
        0.45588235294117646,
        0.4632352941176471,
        0.4852941176470588,
        0.38235294117647056,
        0.47794117647058826,
        0.45588235294117646,
        0.5,
        0.6102941176470589,
        0.625,
        0.6911764705882353,
        0.6323529411764706,
        0.6397058823529411,
        0.5808823529411765
      ],
      "AS|M|D": [
        0.7279411764705882,
        0.7352941176470589,
        0.7720588235294118,
        0.7205882352941176,
        0.7941176470588235,
        0.7573529411764706,
        0.7867647058823529,
        0.8382352941176471,
        0.9117647058823529,
        0.9338235294117647,
        0.875,
        0.8602941176470589,
        0.8161764705882353
      ],
      "AS|MD": [
        0.7279411764705882,
        0.8382352941176471,
        0.8602941176470589,
        0.8676470588235294,
        0.9117647058823529,
        0.8823529411764706,
        0.9264705882352942,
        0.9411764705882353,
        0.9411764705882353,
        0.9558823529411765,
        0.9485294117647058,
        0.9411764705882353,
        0.8823529411764706
      ],
      "AM|SD": [
        0.6176470588235294,
        0.6323529411764706,
        0.5735294117647058,
        0.5661764705882353,
        0.5808823529411765,
        0.5882352941176471,
        0.5514705882352942,
        0.5735294117647058,
        0.5882352941176471,
        0.5882352941176471,
        0.5367647058823529,
        0.5073529411764706,
        0.5808823529411765
      ]
    },
    "1": {
      "indiv": [
        0.4117647058823529,
        0.41911764705882354,
        0.27941176470588236,
        0.29411764705882354,
        0.36764705882352944,
        0.27205882352941174,
        0.5220588235294118,
        0.5661764705882353,
        0.5367647058823529,
        0.5735294117647058,
        0.5514705882352942,
        0.5661764705882353,
        0.34558823529411764
      ],
      "AS|M|D": [
        0.7279411764705882,
        0.6397058823529411,
        0.5147058823529411,
        0.49264705882352944,
        0.625,
        0.5294117647058824,
        0.7352941176470589,
        0.7720588235294118,
        0.7867647058823529,
        0.75,
        0.7941176470588235,
        0.7867647058823529,
        0.5808823529411765
      ],
      "AS|MD": [
        0.7279411764705882,
        0.7573529411764706,
        0.7279411764705882,
        0.7279411764705882,
        0.7279411764705882,
        0.7279411764705882,
        0.7279411764705882,
        0.75,
        0.8088235294117647,
        0.75,
        0.7720588235294118,
        0.7279411764705882,
        0.7867647058823529
      ],
      "AM|SD": [
        0.5882352941176471,
        0.5808823529411765,
        0.5220588235294118,
        0.5955882352941176,
        0.6323529411764706,
        0.6470588235294118,
        0.6691176470588235,
        0.7205882352941176,
        0.6617647058823529,
        0.8455882352941176,
        0.75,
        0.7352941176470589,
        0.6176470588235294
      ]
    },
    "2": {
      "indiv": [
        0.4485294117647059,
        0.375,
        0.40441176470588236,
        0.34558823529411764,
        0.3897058823529412,
        0.41911764705882354,
        0.4852941176470588,
        0.47794117647058826,
        0.5147058823529411,
        0.47058823529411764,
        0.5367647058823529,
        0.5294117647058824,
        0.5147058823529411
      ],
      "AS|M|D": [
        0.7279411764705882,
        0.6838235294117647,
        0.7352941176470589,
        0.6176470588235294,
        0.7132352941176471,
        0.7132352941176471,
        0.7205882352941176,
        0.7279411764705882,
        0.7279411764705882,
        0.6985294117647058,
        0.7279411764705882,
        0.7205882352941176,
        0.7279411764705882
      ],
      "AS|MD": [
        0.7279411764705882,
        0.6838235294117647,
        0.7352941176470589,
        0.7279411764705882,
        0.7132352941176471,
        0.7279411764705882,
        0.7205882352941176,
        0.75,
        0.7279411764705882,
        0.7352941176470589,
        0.7279411764705882,
        0.7205882352941176,
        0.7205882352941176
      ],
      "AM|SD": [
        0.5882352941176471,
        0.6470588235294118,
        0.5882352941176471,
        0.5735294117647058,
        0.6102941176470589,
        0.6397058823529411,
        0.6838235294117647,
        0.6617647058823529,
        0.7794117647058824,
        0.6985294117647058,
        0.7352941176470589,
        0.7205882352941176,
        0.7352941176470589
      ]
    }
  },
  "orig_acc": {
    "0": {
      "indiv": [
        0.474,
        0.574,
        0.512,
        0.46,
        0.489,
        0.519,
        0.592,
        0.692,
        0.672,
        0.696,
        0.646,
        0.601,
        0.543
      ],
      "AS|M|D": [
        0.726,
        0.798,
        0.793,
        0.795,
        0.78,
        0.805,
        0.832,
        0.912,
        0.921,
        0.936,
        0.906,
        0.864,
        0.764
      ],
      "AS|MD": [
        0.726,
        0.889,
        0.916,
        0.896,
        0.89,
        0.923,
        0.944,
        0.987,
        0.968,
        0.975,
        0.978,
        0.97,
        0.883
      ],
      "AM|SD": [
        0.618,
        0.651,
        0.625,
        0.634,
        0.623,
        0.619,
        0.633,
        0.605,
        0.697,
        0.694,
        0.628,
        0.608,
        0.68
      ]
    },
    "1": {
      "indiv": [
        0.517,
        0.489,
        0.404,
        0.399,
        0.441,
        0.41,
        0.502,
        0.55,
        0.497,
        0.569,
        0.524,
        0.529,
        0.379
      ],
      "AS|M|D": [
        0.726,
        0.675,
        0.623,
        0.582,
        0.622,
        0.63,
        0.727,
        0.788,
        0.751,
        0.713,
        0.801,
        0.784,
        0.597
      ],
      "AS|MD": [
        0.726,
        0.748,
        0.726,
        0.726,
        0.726,
        0.726,
        0.726,
        0.742,
        0.809,
        0.736,
        0.755,
        0.726,
        0.744
      ],
      "AM|SD": [
        0.697,
        0.696,
        0.647,
        0.657,
        0.606,
        0.617,
        0.701,
        0.732,
        0.747,
        0.817,
        0.722,
        0.723,
        0.669
      ]
    },
    "2": {
      "indiv": [
        0.53,
        0.419,
        0.468,
        0.405,
        0.446,
        0.45,
        0.468,
        0.512,
        0.557,
        0.478,
        0.568,
        0.52,
        0.489
      ],
      "AS|M|D": [
        0.726,
        0.688,
        0.71,
        0.672,
        0.719,
        0.72,
        0.713,
        0.72,
        0.726,
        0.685,
        0.723,
        0.725,
        0.724
      ],
      "AS|MD": [
        0.726,
        0.722,
        0.725,
        0.723,
        0.718,
        0.723,
        0.723,
        0.728,
        0.726,
        0.712,
        0.723,
        0.726,
        0.726
      ],
      "AM|SD": [
        0.696,
        0.648,
        0.645,
        0.651,
        0.639,
        0.694,
        0.675,
        0.703,
        0.746,
        0.733,
        0.782,
        0.769,
        0.723
      ]
    }
  }
}