{
  "L": 13,
  "cf_test_acc": {
    "1": [
      0.45588235294117646,
      0.4632352941176471,
      0.4852941176470588,
      0.38235294117647056,
      0.47794117647058826,
      0.45588235294117646,
      0.5,
      0.6102941176470589,
      0.625,
      0.6911764705882353,
      0.6323529411764706,
      0.6397058823529411,
      0.5808823529411765
    ],
    "2": [
      0.4264705882352941,
      0.5661764705882353,
      0.45588235294117646,
      0.5147058823529411,
      0.5220588235294118,
      0.4411764705882353,
      0.6102941176470589,
      0.6985294117647058,
      0.6470588235294118,
      0.8161764705882353,
      0.6691176470588235,
      0.7132352941176471,
      0.5514705882352942
    ],
    "3": [
      0.4338235294117647,
      0.6691176470588235,
      0.5808823529411765,
      0.5514705882352942,
      0.5808823529411765,
      0.5514705882352942,
      0.7058823529411765,
      0.7279411764705882,
      0.8455882352941176,
      0.8529411764705882,
      0.8235294117647058,
      0.8088235294117647,
      0.75
    ]
  },
  "orig_acc": {
    "1": [
      0.474,
      0.574,
      0.512,
      0.46,
      0.489,
      0.519,
      0.592,
      0.692,
      0.672,
      0.696,
      0.646,
      0.601,
      0.543
    ],
    "2": [
      0.512,
      0.649,
      0.589,
      0.589,
      0.571,
      0.594,
      0.704,
      0.734,
      0.723,
      0.812,
      0.694,
      0.674,
      0.597
    ],
    "3": [
      0.508,
      0.718,
      0.701,
      0.615,
      0.654,
      0.699,
      0.771,
      0.837,
      0.87,
      0.877,
      0.882,
      0.843,
      0.758
    ]
  }
}