{
  "n_all": 1000,
  "n_correct": 142,
  "type_distribution_all": {
    "Common-Division": 166,
    "Subtraction": 531,
    "Addition": 195,
    "Multiplication": 108
  },
  "type_distribution_correct": {
    "Subtraction": 87,
    "Common-Division": 23,
    "Multiplication": 8,
    "Addition": 24
  },
  "grid_all": [
    [
      0.5049999952316284,
      0.5350000262260437,
      0.5350000262260437,
      0.5649999976158142
    ],
    [
      0.5799999833106995,
      0.675000011920929,
      0.6850000023841858,
      0.6499999761581421
    ],
    [
      0.7300000190734863,
      0.7350000143051147,
      0.7450000047683716,
      0.7400000095367432
    ],
    [
      0.8299999833106995,
      0.8050000071525574,
      0.8149999976158142,
      0.8100000023841858
    ],
    [
      0.8149999976158142,
      0.8100000023841858,
      0.824999988079071,
      0.8349999785423279
    ],
    [
      0.8199999928474426,
      0.8349999785423279,
      0.8299999833106995,
      0.8050000071525574
    ],
    [
      0.8199999928474426,
      0.8349999785423279,
      0.8399999737739563,
      0.8199999928474426
    ],
    [
      0.8299999833106995,
      0.824999988079071,
      0.8450000286102295,
      0.8299999833106995
    ],
    [
      0.824999988079071,
      0.8199999928474426,
      0.8349999785423279,
      0.824999988079071
    ],
    [
      0.8349999785423279,
      0.8600000143051147,
      0.8700000047683716,
      0.8399999737739563
    ],
    [
      0.8349999785423279,
      0.8550000190734863,
      0.8550000190734863,
      0.8700000047683716
    ],
    [
      0.8500000238418579,
      0.8700000047683716,
      0.8700000047683716,
      0.8849999904632568
    ],
    [
      0.8500000238418579,
      0.8550000190734863,
      0.8600000143051147,
      0.8650000095367432
    ],
    [
      0.8450000286102295,
      0.8550000190734863,
      0.8600000143051147,
      0.8550000190734863
    ],
    [
      0.8450000286102295,
      0.8550000190734863,
      0.8550000190734863,
      0.8450000286102295
    ],
    [
      0.8650000095367432,
      0.875,
      0.875,
      0.8600000143051147
    ],
    [
      0.8799999952316284,
      0.8700000047683716,
      0.875,
      0.8650000095367432
    ],
    [
      0.8899999856948853,
      0.8849999904632568,
      0.875,
      0.8700000047683716
    ],
    [
      0.8949999809265137,
      0.8799999952316284,
      0.8899999856948853,
      0.875
    ],
    [
      0.8799999952316284,
      0.875,
      0.8799999952316284,
      0.875
    ],
    [
      0.8799999952316284,
      0.8849999904632568,
      0.8849999904632568,
      0.875
    ],
    [
      0.8600000143051147,
      0.8600000143051147,
      0.8600000143051147,
      0.8600000143051147
    ],
    [
      0.8650000095367432,
      0.8650000095367432,
      0.8600000143051147,
      0.8899999856948853
    ],
    [
      0.8550000190734863,
      0.8700000047683716,
      0.8550000190734863,
      0.8650000095367432
    ],
    [
      0.8550000190734863,
      0.8550000190734863,
      0.8600000143051147,
      0.8849999904632568
    ],
    [
      0.875,
      0.8799999952316284,
      0.8849999904632568,
      0.8899999856948853
    ],
    [
      0.8849999904632568,
      0.8799999952316284,
      0.8650000095367432,
      0.8799999952316284
    ],
    [
      0.8949999809265137,
      0.8700000047683716,
      0.8650000095367432,
      0.875
    ],
    [
      0.875,
      0.875,
      0.875,
      0.8849999904632568
    ],
    [
      0.8849999904632568,
      0.875,
      0.8899999856948853,
      0.8849999904632568
    ],
    [
      0.8550000190734863,
      0.875,
      0.8700000047683716,
      0.875
    ],
    [
      0.8500000238418579,
      0.8600000143051147,
      0.8600000143051147,
      0.8799999952316284
    ]
  ],
  "grid_correct_only": [
    [
      0.6206896305084229,
      0.6206896305084229,
      0.6206896305084229,
      0.6206896305084229
    ],
    [
      0.6551724076271057,
      0.6896551847457886,
      0.7241379022598267,
      0.7241379022598267
    ],
    [
      0.7241379022598267,
      0.7586206793785095,
      0.7586206793785095,
      0.7586206793785095
    ],
    [
      0.7586206793785095,
      0.7241379022598267,
      0.7241379022598267,
      0.7241379022598267
    ],
    [
      0.7241379022598267,
      0.7586206793785095,
      0.7586206793785095,
      0.7586206793785095
    ],
    [
      0.7586206793785095,
      0.7586206793785095,
      0.7586206793785095,
      0.7241379022598267
    ],
    [
      0.6896551847457886,
      0.7241379022598267,
      0.6551724076271057,
      0.6551724076271057
    ],
    [
      0.7241379022598267,
      0.6896551847457886,
      0.6896551847457886,
      0.6896551847457886
    ],
    [
      0.7241379022598267,
      0.7241379022598267,
      0.7241379022598267,
      0.7241379022598267
    ],
    [
      0.7931034564971924,
      0.8275862336158752,
      0.8275862336158752,
      0.8275862336158752
    ],
    [
      0.8620689511299133,
      0.7931034564971924,
      0.7586206793785095,
      0.7931034564971924
    ],
    [
      0.7586206793785095,
      0.7931034564971924,
      0.7931034564971924,
      0.8275862336158752
    ],
    [
      0.8275862336158752,
      0.8275862336158752,
      0.7931034564971924,
      0.8275862336158752
    ],
    [
      0.8275862336158752,
      0.8275862336158752,
      0.8275862336158752,
      0.8275862336158752
    ],
    [
      0.8275862336158752,
      0.8275862336158752,
      0.8275862336158752,
      0.7931034564971924
    ],
    [
      0.8620689511299133,
      0.7931034564971924,
      0.7931034564971924,
      0.8620689511299133
    ],
    [
      0.7931034564971924,
      0.8275862336158752,
      0.7931034564971924,
      0.8275862336158752
    ],
    [
      0.8275862336158752,
      0.8275862336158752,
      0.8275862336158752,
      0.8275862336158752
    ],
    [
      0.7931034564971924,
      0.7931034564971924,
      0.7931034564971924,
      0.7931034564971924
    ],
    [
      0.8620689511299133,
      0.8275862336158752,
      0.8275862336158752,
      0.8275862336158752
    ],
    [
      0.7931034564971924,
      0.8275862336158752,
      0.8275862336158752,
      0.7931034564971924
    ],
    [
      0.7931034564971924,
      0.8620689511299133,
      0.8620689511299133,
      0.7931034564971924
    ],
    [
      0.8620689511299133,
      0.8620689511299133,
      0.8620689511299133,
      0.8275862336158752
    ],
    [
      0.8965517282485962,
      0.8965517282485962,
      0.8965517282485962,
      0.8620689511299133
    ],
    [
      0.8620689511299133,
      0.8620689511299133,
      0.8275862336158752,
      0.8275862336158752
    ],
    [
      0.8620689511299133,
      0.8620689511299133,
      0.8275862336158752,
      0.8275862336158752
    ],
    [
      0.8275862336158752,
      0.8275862336158752,
      0.8275862336158752,
      0.8620689511299133
    ],
    [
      0.7931034564971924,
      0.8275862336158752,
      0.8620689511299133,
      0.8620689511299133
    ],
    [
      0.8965517282485962,
      0.8965517282485962,
      0.8620689511299133,
      0.8620689511299133
    ],
    [
      0.8965517282485962,
      0.8965517282485962,
      0.8965517282485962,
      0.8965517282485962
    ],
    [
      0.8965517282485962,
      0.8965517282485962,
      0.8965517282485962,
      0.8965517282485962
    ],
    [
      0.8620689511299133,
      0.8620689511299133,
      0.8965517282485962,
      0.8965517282485962
    ]
  ],