{
  "shape": [
    1000,
    32,
    4,
    5280
  ],
  "operator_grid": [
    [
      0.5049999952316284,
      0.5350000262260437,
      0.5350000262260437,
      0.5649999976158142
    ],
    [
      0.5799999833106995,
      0.675000011920929,
      0.6850000023841858,
      0.6499999761581421
    ],
    [
      0.7300000190734863,
      0.7350000143051147,
      0.7450000047683716,
      0.7400000095367432
    ],
    [
      0.8299999833106995,
      0.8050000071525574,
      0.8149999976158142,
      0.8100000023841858
    ],
    [
      0.8149999976158142,
      0.8100000023841858,
      0.824999988079071,
      0.8349999785423279
    ],
    [
      0.8199999928474426,
      0.8349999785423279,
      0.8299999833106995,
      0.8050000071525574
    ],
    [
      0.8199999928474426,
      0.8349999785423279,
      0.8399999737739563,
      0.8199999928474426
    ],
    [
      0.8299999833106995,
      0.824999988079071,
      0.8450000286102295,
      0.8299999833106995
    ],
    [
      0.824999988079071,
      0.8199999928474426,
      0.8349999785423279,
      0.824999988079071
    ],
    [
      0.8349999785423279,
      0.8600000143051147,
      0.8700000047683716,
      0.8399999737739563
    ],
    [
      0.8349999785423279,
      0.8550000190734863,
      0.8550000190734863,
      0.8700000047683716
    ],
    [
      0.8500000238418579,
      0.8700000047683716,
      0.8700000047683716,
      0.8849999904632568
    ],
    [
      0.8500000238418579,
      0.8550000190734863,
      0.8600000143051147,
      0.8650000095367432
    ],
    [
      0.8450000286102295,
      0.8550000190734863,
      0.8600000143051147,
      0.8550000190734863
    ],
    [
      0.8450000286102295,
      0.8550000190734863,
      0.8550000190734863,
      0.8450000286102295
    ],
    [
      0.8650000095367432,
      0.875,
      0.875,
      0.8600000143051147
    ],
    [
      0.8799999952316284,
      0.8700000047683716,
      0.875,
      0.8650000095367432
    ],
    [
      0.8899999856948853,
      0.8849999904632568,
      0.875,
      0.8700000047683716
    ],
    [
      0.8949999809265137,
      0.8799999952316284,
      0.8899999856948853,
      0.875
    ],
    [
      0.8799999952316284,
      0.875,
      0.8799999952316284,
      0.875
    ],
    [
      0.8799999952316284,
      0.8849999904632568,
      0.8849999904632568,
      0.875
    ],
    [
      0.8600000143051147,
      0.8600000143051147,
      0.8600000143051147,
      0.8600000143051147
    ],
    [
      0.8650000095367432,
      0.8650000095367432,
      0.8600000143051147,
      0.8899999856948853
    ],
    [
      0.8550000190734863,
      0.8700000047683716,
      0.8550000190734863,
      0.8650000095367432
    ],
    [
      0.8550000190734863,
      0.8550000190734863,
      0.8600000143051147,
      0.8849999904632568
    ],
    [
      0.875,
      0.8799999952316284,
      0.8849999904632568,
      0.8899999856948853
    ],
    [
      0.8849999904632568,
      0.8799999952316284,
      0.8650000095367432,
      0.8799999952316284
    ],
    [
      0.8949999809265137,
      0.8700000047683716,
      0.8650000095367432,
      0.875
    ],
    [
      0.875,
      0.875,
      0.875,
      0.8849999904632568
    ],
    [
      0.8849999904632568,
      0.875,
      0.8899999856948853,
      0.8849999904632568
    ],
    [
      0.8550000190734863,
      0.875,
      0.8700000047683716,
      0.875
    ],
    [
      0.8500000238418579,
      0.8600000143051147,
      0.8600000143051147,
      0.8799999952316284
    ]
  ],
  "magnitude_grid": [
    [
      0.41999998688697815,
      0.4350000023841858,
      0.4449999928474426,
      0.4699999988079071
    ],
    [
      0.5299999713897705,
      0.5450000166893005,
      0.5249999761581421,
      0.5299999713897705
    ],
    [
      0.5600000023841858,
      0.5950000286102295,
      0.5649999976158142,
      0.6000000238418579
    ],
    [
      0.5899999737739563,
      0.5899999737739563,
      0.5799999833106995,
      0.5699999928474426
    ],
    [
      0.5450000166893005,
      0.574999988079071,
      0.5600000023841858,
      0.550000011920929
    ],
    [
      0.574999988079071,
      0.574999988079071,
      0.5600000023841858,
      0.5350000262260437
    ],
    [
      0.5799999833106995,
      0.5950000286102295,
      0.6000000238418579,
      0.5899999737739563
    ],
    [
      0.6100000143051147,
      0.5950000286102295,
      0.5799999833106995,
      0.5899999737739563
    ],
    [
      0.6050000190734863,
      0.5950000286102295,
      0.5950000286102295,
      0.6000000238418579
    ],
    [
      0.5699999928474426,
      0.5699999928474426,
      0.5799999833106995,
      0.5799999833106995
    ],
    [
      0.6100000143051147,
      0.5899999737739563,
      0.6050000190734863,
      0.6050000190734863
    ],
    [
      0.6050000190734863,
      0.5799999833106995,
      0.5649999976158142,
      0.574999988079071
    ],
    [
      0.5899999737739563,
      0.5899999737739563,
      0.5699999928474426,
      0.5649999976158142
    ],
    [
      0.6399999856948853,
      0.6100000143051147,
      0.6150000095367432,
      0.625
    ],
    [
      0.6150000095367432,
      0.6299999952316284,
      0.6050000190734863,
      0.625
    ],
    [
      0.5849999785423279,
      0.5950000286102295,
      0.6200000047683716,
      0.6150000095367432
    ],
    [
      0.6000000238418579,
      0.5899999737739563,
      0.5950000286102295,
      0.625
    ],
    [
      0.6100000143051147,
      0.6100000143051147,
      0.6100000143051147,
      0.6100000143051147
    ],
    [
      0.5950000286102295,
      0.6000000238418579,
      0.6200000047683716,
      0.6150000095367432
    ],
    [
      0.5849999785423279,
      0.5950000286102295,
      0.6299999952316284,
      0.6150000095367432
    ],
    [
      0.6299999952316284,
      0.6399999856948853,
      0.6200000047683716,
      0.6399999856948853
    ],
    [
      0.6050000190734863,
      0.6100000143051147,
      0.6349999904632568,
      0.6449999809265137
    ],
    [
      0.6000000238418579,
      0.6150000095367432,
      0.6449999809265137,
      0.6399999856948853
    ],
    [
      0.6349999904632568,
      0.6150000095367432,
      0.6549999713897705,
      0.6549999713897705
    ],
    [
      0.6600000262260437,
      0.6499999761581421,
      0.675000011920929,
      0.6700000166893005
    ],
    [
      0.6499999761581421,
      0.6499999761581421,
      0.6399999856948853,
      0.6449999809265137
    ],
    [
      0.6700000166893005,
      0.6349999904632568,
      0.6449999809265137,
      0.675000011920929
    ],
    [
      0.675000011920929,
      0.6650000214576721,
      0.6399999856948853,
      0.6399999856948853
    ],
    [
      0.6600000262260437,
      0.6449999809265137,
      0.6499999761581421,
      0.6600000262260437
    ],
    [
      0.6800000071525574,
      0.6700000166893005,
      0.6600000262260437,
      0.6899999976158142
    ],
    [
      0.6600000262260437,
      0.6700000166893005,
      0.6700000166893005,
      0.6650000214576721
    ],
    [
      0.6600000262260437,
      0.6499999761581421,
      0.6299999952316284,
      0.6549999713897705
    ]
  ],