{
  "orig_acc": [
    [
      0.9917762875556946,
      0.9967105388641357,
      0.9950658082962036,
      0.9983552694320679,
      1.0,
      0.9983552694320679
    ],
    [
      0.9934210777282715,
      0.9967105388641357,
      0.9983552694320679,
      0.9983552694320679,
      0.9983552694320679,
      0.9967105388641357
    ],
    [
      0.9950658082962036,
      0.9934210777282715,
      0.9983552694320679,
      0.9967105388641357,
      0.9917762875556946,
      0.9934210777282715
    ],
    [
      0.9950658082962036,
      0.9950658082962036,
      0.9950658082962036,
      0.9967105388641357,
      0.9934210777282715,
      0.9967105388641357
    ],
    [
      0.9950658082962036,
      0.9967105388641357,
      0.9934210777282715,
      0.9983552694320679,
      0.9967105388641357,
      0.9967105388641357
    ],
    [
      0.9950658082962036,
      0.9967105388641357,
      0.9934210777282715,
      0.9983552694320679,
      0.9950658082962036,
      0.9950658082962036
    ],
    [
      0.9967105388641357,
      0.9967105388641357,
      0.9967105388641357,
      0.9983552694320679,
      0.9967105388641357,
      0.9934210777282715
    ],
    [
      0.9983552694320679,
      0.9950658082962036,
      0.9983552694320679,
      0.9983552694320679,
      1.0,
      0.9967105388641357
    ],
    [
      0.9983552694320679,
      0.9983552694320679,
      1.0,
      1.0,
      1.0,
      1.0
    ],
    [
      0.9967105388641357,
      0.9983552694320679,
      1.0,
      1.0,
      1.0,
      1.0
    ],
    [
      0.9983552694320679,
      0.9983552694320679,
      1.0,
      1.0,
      1.0,
      1.0
    ],
    [
      1.0,
      0.9983552694320679,
      1.0,
      1.0,
      1.0,
      1.0
    ],
    [
      1.0,
      1.0,
      1.0,
      1.0,
      1.0,
      1.0
    ],
    [
      0.9983552694320679,
      1.0,
      1.0,
      1.0,
      1.0,
      1.0
    ],
    [
      1.0,
      1.0,
      1.0,
      1.0,
      1.0,
      1.0
    ],
    [
      0.9967105388641357,
      0.9967105388641357,
      0.9983552694320679,
      0.9983552694320679,
      0.9983552694320679,
      0.9950658082962036
    ],
    [
      0.9934210777282715,
      0.9950658082962036,
      0.9967105388641357,
      0.9967105388641357,
      0.9950658082962036,
      0.9934210777282715
    ]
  ],
  "cf_acc": [
    [
      0.6528117656707764,
      0.6430317759513855,
      0.7334963083267212,
      0.7652812004089355,
      0.7163814306259155,
      0.6992664933204651
    ],
    [
      0.6821516156196594,
      0.6723716259002686,
      0.7628361582756042,
      0.8215159177780151,
      0.6992664933204651,
      0.7457212805747986
    ],
    [
      0.7310513257980347,
      0.7310513257980347,
      0.7946210503578186,
      0.8361858129501343,
      0.7261613607406616,
      0.7237163782119751
    ],
    [
      0.7555012106895447,
      0.738386332988739,
      0.7848410606384277,
      0.8264058828353882,
      0.738386332988739,
      0.7530562281608582
    ],
    [
      0.7481662631034851,
      0.738386332988739,
      0.7946210503578186,
      0.8312958478927612,
      0.7359412908554077,
      0.7555012106895447
    ],
    [
      0.7897310256958008,
      0.7677261829376221,
      0.8190708756446838,
      0.8386307954788208,
      0.7701711654663086,
      0.7408313155174255
    ],
    [
      0.8435207605361938,
      0.7995110154151917,
      0.8508557677268982,
      0.8801956176757812,
      0.8117359280586243,
      0.7872860431671143
    ],
    [
      0.8704156279563904,
      0.8753056526184082,
      0.8777506351470947,
      0.9315403699874878,
      0.8533007502555847,
      0.8533007502555847
    ],
    [
      0.8606356978416443,
      0.8801956176757812,
      0.9095354676246643,
      0.9413203001022339,
      0.8899755477905273,
      0.8948655128479004
    ],
    [
      0.90220046043396,
      0.90220046043396,
      0.9242053627967834,
      0.9462102651596069,
      0.9070904850959778,
      0.8948655128479004
    ],
    [
      0.9046455025672913,
      0.8997554779052734,
      0.9339853525161743,
      0.95110023021698,
      0.8997554779052734,
      0.8850855827331543
    ],
    [
      0.8777506351470947,
      0.90220046043396,
      0.9217603802680969,
      0.9315403699874878,
      0.8826406002044678,
      0.8875305652618408
    ],
    [
      0.8630806803703308,
      0.8777506351470947,
      0.9070904850959778,
      0.9144254326820374,
      0.8801956176757812,
      0.8630806803703308
    ],
    [
      0.8801956176757812,
      0.8924205303192139,
      0.90220046043396,
      0.8924205303192139,
      0.8655256628990173,
      0.8533007502555847
    ],
    [
      0.8704156279563904,
      0.8728606104850769,
      0.90220046043396,
      0.8704156279563904,
      0.8630806803703308,
      0.8704156279563904
    ],
    [
      0.8141809105873108,
      0.8777506351470947,
      0.8826406002044678,
      0.8704156279563904,
      0.8679706454277039,
      0.8777506351470947
    ],
    [
      0.8166258931159973,
      0.8435207605361938,
      0.9070904850959778,
      0.8288508653640747,
      0.8459657430648804,
      0.8581907153129578
    ]
  ],