{
  "N": 1319,
  "S": 6,
  "L": 13,
  "final_correct_pct": 41.77407126611069,
  "per_step_correct_pct": [
    24.94313874147081,
    22.66868840030326,
    36.46702047005307,
    36.46702047005307,
    40.71266110689917,
    41.77407126611069
  ],
  "maj_baseline_final_pct": 58.22592873388931,
  "probe1_predict_final": [
    [
      0.5454545454545454,
      0.5946969696969697,
      0.5757575757575758,
      0.5909090909090909,
      0.6325757575757576,
      0.5606060606060606,
      0.553030303030303,
      0.5909090909090909,
      0.5757575757575758,
      0.6515151515151515,
      0.6628787878787878,
      0.6401515151515151,
      0.6136363636363636
    ],
    [
      0.7007575757575758,
      0.5946969696969697,
      0.5757575757575758,
      0.5568181818181818,
      0.5909090909090909,
      0.5984848484848485,
      0.6136363636363636,
      0.6136363636363636,
      0.6136363636363636,
      0.6136363636363636,
      0.6136363636363636,
      0.6287878787878788,
      0.625
    ],
    [
      0.696969696969697,
      0.6401515151515151,
      0.6553030303030303,
      0.678030303030303,
      0.6287878787878788,
      0.6287878787878788,
      0.6439393939393939,
      0.6515151515151515,
      0.6666666666666666,
      0.6553030303030303,
      0.6742424242424242,
      0.6553030303030303,
      0.678030303030303
    ],
    [
      0.7386363636363636,
      0.7196969696969697,
      0.6856060606060606,
      0.696969696969697,
      0.678030303030303,
      0.6666666666666666,
      0.696969696969697,
      0.696969696969697,
      0.678030303030303,
      0.6477272727272727,
      0.6287878787878788,
      0.6666666666666666,
      0.6856060606060606
    ],
    [
      0.7159090909090909,
      0.696969696969697,
      0.7083333333333334,
      0.7045454545454546,
      0.7613636363636364,
      0.7121212121212122,
      0.7007575757575758,
      0.6439393939393939,
      0.6628787878787878,
      0.696969696969697,
      0.6704545454545454,
      0.6893939393939394,
      0.678030303030303
    ],
    [
      0.7803030303030303,
      0.7045454545454546,
      0.6818181818181818,
      0.6856060606060606,
      0.6704545454545454,
      0.678030303030303,
      0.6704545454545454,
      0.6893939393939394,
      0.6590909090909091,
      0.6287878787878788,
      0.6098484848484849,
      0.6439393939393939,
      0.6401515151515151
    ]
  ],
  "probe1_f1": [
    [
      0.545219638242894,
      0.592116092700888,
      0.5733087046871392,
      0.5889984431759212,
      0.6286919831223629,
      0.5548578405721263,
      0.5493055555555555,
      0.586254933828651,
      0.5737761632935479,
      0.6495035788501501,
      0.6611235306843586,
      0.6378600823045267,
      0.60858189429618
    ],
    [
      0.6991995384726328,
      0.5865763168293647,
      0.5686022760431865,
      0.5528079801942929,
      0.586254933828651,
      0.5932321646607361,
      0.60858189429618,
      0.6078751164958061,
      0.6092407708381704,
      0.6054621110004103,
      0.6078751164958061,
      0.6239316239316239,
      0.6182909552949424
    ],
    [
      0.6930054072911216,
      0.6363478185219018,
      0.6483966806679644,
      0.6708470847084709,
      0.6217543859649123,
      0.6200657894736843,
      0.6364062591572408,
      0.6424659954071719,
      0.6623059480202338,
      0.6483966806679644,
      0.6710518690234715,
      0.6498316498316499,
      0.6692558256076171
    ],
    [
      0.7344877344877345,
      0.7124183006535947,
      0.6799813059543456,
      0.6866096866096867,
      0.6740977416309637,
      0.6623059480202338,
      0.6891008655714539,
      0.6905585184316942,
      0.6722700121219203,
      0.6340710932260228,
      0.6256944444444444,
      0.6571428571428571,
      0.6785918591859186
    ],
    [
      0.7113997113997115,
      0.6918587686022761,
      0.7037037037037037,
      0.6995622993872191,
      0.7528493944572405,
      0.703107428233205,
      0.6926024732117854,
      0.6317663817663817,
      0.6568474244570695,
      0.6874815034033738,
      0.661473609739561,
      0.6835087719298245,
      0.6708470847084709
    ],
    [
      0.7756549258629784,
      0.7020833333333334,
      0.6781982818667285,
      0.6832015267396302,
      0.6658470939113988,
      0.6740977416309637,
      0.6645587182894948,
      0.6835087719298245,
      0.6574987026466009,
      0.6191485603250309,
      0.60508314574105,
      0.6355733082706767,
      0.6363478185219018
    ]
  ],
  "probe1_best": {
    "step": 6,
    "layer": 0,
    "acc": 0.7803030303030303
  },
  "probe2_predict_self_step": [
    [
      0.5946969696969697,
      0.5946969696969697,
      0.6098484848484849,
      0.625,
      0.6515151515151515,
      0.6098484848484849,
      0.6325757575757576,
      0.6287878787878788,
      0.6401515151515151,
      0.6022727272727273,
      0.6477272727272727,
      0.6628787878787878,
      0.6287878787878788
    ],
    [
      0.803030303030303,
      0.7083333333333334,
      0.7045454545454546,
      0.7045454545454546,
      0.6818181818181818,
      0.6893939393939394,
      0.7121212121212122,
      0.6931818181818182,
      0.6553030303030303,
      0.7007575757575758,
      0.696969696969697,
      0.7083333333333334,
      0.6856060606060606
    ],
    [
      0.6628787878787878,
      0.6628787878787878,
      0.6439393939393939,
      0.6704545454545454,
      0.6742424242424242,
      0.6287878787878788,
      0.6742424242424242,
      0.7424242424242424,
      0.7007575757575758,
      0.7083333333333334,
      0.696969696969697,
      0.7007575757575758,
      0.6590909090909091
    ],
    [
      0.7651515151515151,
      0.7310606060606061,
      0.7045454545454546,
      0.7196969696969697,
      0.7121212121212122,
      0.6931818181818182,
      0.6628787878787878,
      0.6893939393939394,
      0.6515151515151515,
      0.6590909090909091,
      0.6325757575757576,
      0.696969696969697,
      0.6325757575757576
    ],
    [
      0.7575757575757576,
      0.696969696969697,
      0.7462121212121212,
      0.75,
      0.7272727272727273,
      0.7196969696969697,
      0.7386363636363636,
      0.696969696969697,
      0.7613636363636364,
      0.7310606060606061,
      0.7159090909090909,
      0.6742424242424242,
      0.696969696969697
    ],
    [
      0.7803030303030303,
      0.7045454545454546,
      0.6818181818181818,
      0.6856060606060606,
      0.6704545454545454,
      0.678030303030303,
      0.6704545454545454,
      0.6893939393939394,
      0.6590909090909091,
      0.6287878787878788,
      0.6098484848484849,
      0.6439393939393939,
      0.6401515151515151
    ]
  ],