{
  "best_at_step": {
    "op": {
      "1": [
        0.5731225296442688,
        0.5533596837944664,
        0.45454545454545453,
        0.5059288537549407,
        0.45454545454545453,
        0.4980237154150198
      ],
      "2": [
        0.4383561643835616,
        0.4931506849315068,
        0.4337899543378995,
        0.4885844748858447,
        0.4063926940639269,
        0.4337899543378995
      ],
      "3": [
        0.3880597014925373,
        0.48507462686567165,
        0.3880597014925373,
        0.4626865671641791,
        0.44776119402985076,
        0.4552238805970149
      ],
      "4": [
        0.46153846153846156,
        0.4461538461538462,
        0.5692307692307692,
        0.5384615384615384,
        0.5076923076923077,
        0.5384615384615384
      ]
    },
    "a_ld": {
      "1": [
        0.2964426877470356,
        0.2766798418972332,
        0.2727272727272727,
        0.2924901185770751,
        0.2727272727272727,
        0.2885375494071146
      ],
      "2": [
        0.3515981735159817,
        0.2831050228310502,
        0.3150684931506849,
        0.2831050228310502,
        0.3059360730593607,
        0.3013698630136986
      ],
      "3": [
        0.3805970149253731,
        0.30597014925373134,
        0.3656716417910448,
        0.3880597014925373,
        0.3582089552238806,
        0.3880597014925373
      ],
      "4": [
        0.4153846153846154,
        0.4461538461538462,
        0.4461538461538462,
        0.4,
        0.4153846153846154,
        0.4307692307692308
      ]
    },
    "c_ld": {
      "1": [
        0.5375494071146245,
        0.3794466403162055,
        0.3794466403162055,
        0.33201581027667987,
        0.3557312252964427,
        0.33201581027667987
      ],
      "2": [
        0.273972602739726,
        0.2876712328767123,
        0.3515981735159817,
        0.3059360730593607,
        0.3150684931506849,
        0.2876712328767123
      ],
      "3": [
        0.30597014925373134,
        0.31343283582089554,
        0.3208955223880597,
        0.31343283582089554,
        0.3582089552238806,
        0.3208955223880597
      ],
      "4": [
        0.3076923076923077,
        0.35384615384615387,
        0.35384615384615387,
        0.38461538461538464,
        0.4,
        0.36923076923076925
      ]
    }
  },
  "best_at_step_layer": {
    "op": {
      "1": [
        11,
        0,
        4,
        0,
        8,
        10
      ],
      "2": [
        8,
        0,
        7,
        0,
        2,
        7
      ],
      "3": [
        10,
        7,
        7,
        0,
        11,
        2
      ],
      "4": [
        11,
        4,
        8,
        7,
        8,
        10
      ]
    },
    "a_ld": {
      "1": [
        0,
        4,
        11,
        3,
        11,
        4
      ],
      "2": [
        4,
        9,
        1,
        10,
        0,
        5
      ],
      "3": [
        5,
        10,
        2,
        7,
        12,
        6
      ],
      "4": [
        10,
        5,
        2,
        1,
        12,
        2
      ]
    },
    "c_ld": {
      "1": [
        1,
        3,
        5,
        1,
        6,
        11
      ],
      "2": [
        7,
        10,
        0,
        7,
        0,
        1
      ],
      "3": [
        12,
        2,
        2,
        12,
        3,
        4
      ],
      "4": [
        4,
        3,
        10,
        10,
        11,
        11
      ]
    }
  },
  "cum_max": {
    "op": {
      "1": [
        0.5731225296442688,
        0.5731225296442688,
        0.5731225296442688,
        0.5731225296442688,
        0.5731225296442688,
        0.5731225296442688
      ],
      "2": [
        0.4383561643835616,
        0.4931506849315068,
        0.4931506849315068,
        0.4931506849315068,
        0.4931506849315068,
        0.4931506849315068
      ],
      "3": [
        0.3880597014925373,
        0.48507462686567165,
        0.48507462686567165,
        0.48507462686567165,
        0.48507462686567165,
        0.48507462686567165
      ],
      "4": [
        0.46153846153846156,
        0.46153846153846156,
        0.5692307692307692,
        0.5692307692307692,
        0.5692307692307692,
        0.5692307692307692
      ]
    },
    "a_ld": {
      "1": [
        0.2964426877470356,
        0.2964426877470356,
        0.2964426877470356,
        0.2964426877470356,
        0.2964426877470356,
        0.2964426877470356
      ],
      "2": [
        0.3515981735159817,
        0.3515981735159817,
        0.3515981735159817,
        0.3515981735159817,
        0.3515981735159817,
        0.3515981735159817
      ],
      "3": [
        0.3805970149253731,
        0.3805970149253731,
        0.3805970149253731,
        0.3880597014925373,
        0.3880597014925373,
        0.3880597014925373
      ],
      "4": [
        0.4153846153846154,
        0.4461538461538462,
        0.4461538461538462,
        0.4461538461538462,
        0.4461538461538462,
        0.4461538461538462
      ]
    },
    "c_ld": {
      "1": [
        0.5375494071146245,
        0.5375494071146245,
        0.5375494071146245,
        0.5375494071146245,
        0.5375494071146245,
        0.5375494071146245
      ],
      "2": [
        0.273972602739726,
        0.2876712328767123,
        0.3515981735159817,
        0.3515981735159817,
        0.3515981735159817,
        0.3515981735159817
      ],
      "3": [
        0.30597014925373134,
        0.31343283582089554,
        0.3208955223880597,
        0.3208955223880597,
        0.3582089552238806,
        0.3582089552238806
      ],
      "4": [
        0.3076923076923077,
        0.35384615384615387,
        0.35384615384615387,
        0.38461538461538464,
        0.4,
        0.4
      ]
    }
  }
}