{
  "selectivity_pos": {
    "op": [
      [
        0.27814263722364674,
        0.21268117513395,
        0.15286955366871446,
        0.1062076009619412,
        0.176810002806287,
        0.14664303967638398,
        0.09483803502275762,
        0.09071423323510125,
        0.14486191805936144,
        0.08551085671973191,
        0.12671169918465308,
        0.18861461610343766,
        0.17868983660010657
      ],
      [
        0.1495960991885183,
        0.11027776978280568,
        0.10900343684339137,
        0.08889010108552658,
        0.04555218633961311,
        0.0522078787241953,
        0.03784677518154267,
        0.050490271376015416,
        0.06902082091738337,
        0.09816291081525363,
        0.04799500085962349,
        0.08239485035107874,
        0.07977879462771859
      ],
      [
        0.05943478372073929,
        0.049714104977099105,
        0.02650591930813817,
        0.07977637161586387,
        0.12224017378382535,
        0.060436552001360444,
        0.10963061840449762,
        0.03906730731155361,
        0.1653122582967106,
        0.11324150076961365,
        0.05752952971446568,
        0.15475564253532664,
        0.14945196935365213
      ],
      [
        0.024735942302368585,
        0.08278384874173056,
        0.0525544053363563,
        0.019984883666179343,
        0.06926354550828961,
        0.05545810668796103,
        0.04832506370024259,
        0.11668782001602712,
        0.06474356401462977,
        0.03706772161342664,
        0.06801992500391513,
        0.07157983156489733,
        0.043276668079100244
      ],
      [
        0.07048465921640251,
        0.07534971337696844,
        0.08554716045493249,
        0.1139999746233023,
        0.06537068548393693,
        0.051081776366905196,
        0.09123785590499078,
        0.05539157056140337,
        0.09302942451582807,
        0.04693259788154586,
        0.09791426407393627,
        0.0726293686815675,
        0.13666904222672138
      ],
      [
        0.04718697751864265,
        0.048057077760259304,
        0.026770354306289934,
        0.07109037211888064,
        0.06942081817940765,
        0.025737743737085983,
        0.04620469486727835,
        0.10317694636007774,
        0.11846126507838789,
        0.09635174191724377,
        0.11082797167709113,
        0.03704596769143009,
        0.04556492649173971
      ]
    ],
    "a_ld": [
      [
        0.06635780310764533,
        0.04194700578831151,
        0.038755886742872614,
        0.08284805510232873,
        0.04354403859617517,
        0.06624462124004316,
        0.0796230297772616,
        0.12780537545456255,
        0.06884489699509305,
        0.09302700772036643,
        0.14864146359972769,
        0.14228169776959482,
        0.17041606201020568
      ],
      [
        0.12412160311851853,
        0.13131580850638927,
        0.16899860145662107,
        0.13372991986772403,
        0.13409838205869967,
        0.1808088060539324,
        0.061979240410787284,
        0.10214214209485029,
        0.05487531984291788,
        0.09453179201874673,
        0.16360001500499133,
        0.14835323086769847,
        0.18171705560876444
      ],
      [
        0.0676010043508466,
        0.059843170350490804,
        0.14545917666734076,
        0.1068489213636023,
        0.1383388247913152,
        0.12121116112475577,
        0.07264342670901303,
        0.09116933813048245,
        0.1294918559415017,
        0.11652094923409587,
        0.08642224279019459,
        0.06945889704016878,
        0.0904892971981591
      ],
      [
        0.09088851533892559,
        0.15022715218105154,
        0.08200391935290996,
        0.06704482919358518,
        0.07127575531920693,
        0.11356745319302997,
        0.12902569899005234,
        0.11821580043958324,
        0.0998594860337369,
        0.14251942299909734,
        0.12472091935258534,
        0.117815169796182,
        0.1114720148588923
      ],
      [
        0.06725973749788564,
        0.0775111601349679,
        0.05049903856229579,
        0.08508087848491258,
        0.07112117710910526,
        0.05076207072775751,
        0.09076042379803506,
        0.09068661380094095,
        0.06799262329650885,
        0.052216568550918274,
        0.11615217138849726,
        0.06015592122727681,
        0.14498386227827176
      ],
      [
        0.08390168191489164,
        0.1050891261188791,
        0.16367386851683657,
        0.11160293140505245,
        0.0978545121042877,
        0.07084996555185813,
        0.10981269586516135,
        0.11074483018337306,
        0.17737213948444874,
        0.14342803172330348,
        0.07613693321337356,
        0.07245549064328904,
        0.08207737018063
      ]
    ],
    "c_ld": [
      [
        0.2845275621777271,
        0.25827157778568083,
        0.29447239369278966,
        0.24142931632019843,
        0.21630996969018002,
        0.24371210845124774,
        0.252712337635844,
        0.19732467994848768,
        0.19770059559468678,
        0.245599303145106,
        0.19992231235508592,
        0.17100352081995385,
        0.14352405496476686
      ],
      [
        0.023265873105418666,
        0.10742730976523296,
        0.053117952445021654,
        0.08436986402904278,
        0.04849602555948729,
        0.09256036105528964,
        0.03514438342916559,
        0.058982603292915936,
        0.11380275610138801,
        0.03343859758836695,
        0.05810365574261994,
        0.037697867012579905,
        0.06747731816047176
      ],
      [
        0.10197837950942587,
        0.07374436027241088,
        0.08903755254639312,
        0.08959549177784981,
        0.08935586640421606,
        0.09189913023751572,
        0.0971649870283563,
        0.04182765725883969,
        0.023428009068004407,
        0.05539673223973579,
        0.08323084193493913,
        0.03037706754382455,
        0.04017819884584928
      ],
      [
        0.07176653264054264,
        0.07004816343886333,
        0.04960522761630387,
        0.04338625410869906,
        0.047969254631891445,
        0.011880698494087738,
        0.027938891834423107,
        0.041952857486268424,
        0.10642999518485108,
        0.06474502348556738,
        0.12549609665430211,
        0.046793308544706425,
        0.06767521703206592
      ],
      [
        0.0574345687854973,
        0.04779775540000619,
        0.021030882964514386,
        0.08235044803720187,
        0.027461851360227274,
        0.06460110569877403,
        0.06594656936989352,
        0.008970349055509919,
        0.04478715280987422,
        0.0589245836247872,
        0.04322071087203133,
        0.14647912996965828,
        0.0684576419573264
      ],
      [
        0.025181248780939414,
        0.02648733781870949,
        0.07866294517463923,
        0.026538864809690532,
        0.04433313302042907,
        0.06721379282783102,
        0.06643473925971502,
        0.035350378807305016,
        0.062428427300019323,
        0.05540841560505011,
        0.08373727144317317,
        0.08488382849631998,
        0.07062893617256999
      ]
    ]
  },