{
  "N": 1319,
  "S": 6,
  "L": 13,
  "correctness_per_step": {
    "op": {
      "1": [
        0.4754746835443038,
        0.5348101265822784,
        0.4295886075949367,
        0.5007911392405063,
        0.4454113924050633,
        0.40822784810126583
      ],
      "2": [
        0.42321755027422303,
        0.5045703839122486,
        0.3793418647166362,
        0.49177330895795246,
        0.3711151736745887,
        0.39945155393053017
      ],
      "3": [
        0.3597014925373134,
        0.39552238805970147,
        0.3716417910447761,
        0.44925373134328356,
        0.4014925373134328,
        0.3761194029850746
      ],
      "4": [
        0.4192546583850932,
        0.33229813664596275,
        0.46273291925465837,
        0.5031055900621118,
        0.4813664596273292,
        0.45652173913043476
      ]
    },
    "a_ld": {
      "1": [
        0.33069620253164556,
        0.26186708860759494,
        0.23971518987341772,
        0.25712025316455694,
        0.23022151898734178,
        0.25316455696202533
      ],
      "2": [
        0.3062157221206581,
        0.24223034734917734,
        0.26782449725776963,
        0.23217550274223034,
        0.2797074954296161,
        0.24588665447897623
      ],
      "3": [
        0.31492537313432833,
        0.27761194029850744,
        0.29253731343283584,
        0.27761194029850744,
        0.2835820895522388,
        0.31343283582089554
      ],
      "4": [
        0.37267080745341613,
        0.37888198757763975,
        0.32608695652173914,
        0.3447204968944099,
        0.43788819875776397,
        0.37577639751552794
      ]
    },
    "c_ld": {
      "1": [
        0.5197784810126582,
        0.3322784810126582,
        0.3623417721518987,
        0.3425632911392405,
        0.3299050632911392,
        0.29825949367088606
      ],
      "2": [
        0.24040219378427788,
        0.2413162705667276,
        0.36654478976234006,
        0.2915904936014625,
        0.31992687385740404,
        0.2906764168190128
      ],
      "3": [
        0.2537313432835821,
        0.28059701492537314,
        0.30895522388059704,
        0.28507462686567164,
        0.291044776119403,
        0.2716417910447761
      ],
      "4": [
        0.2888198757763975,
        0.30434782608695654,
        0.30434782608695654,
        0.3105590062111801,
        0.35093167701863354,
        0.33229813664596275
      ]
    }
  },
  "first_correct_step": {
    "op": {
      "1": {
        "distribution": {
          "3": 102,
          "1": 601,
          "2": 272,
          "4": 76,
          "-1": 123,
          "6": 49,
          "5": 41
        },
        "n_never": 123,
        "n_total": 1264
      },
      "2": {
        "distribution": {
          "1": 463,
          "-1": 124,
          "3": 94,
          "2": 266,
          "4": 69,
          "5": 46,
          "6": 32
        },
        "n_never": 124,
        "n_total": 1094
      },
      "3": {
        "distribution": {
          "3": 83,
          "6": 20,
          "2": 155,
          "1": 241,
          "5": 32,
          "4": 65,
          "-1": 74
        },
        "n_never": 74,
        "n_total": 670
      },
      "4": {
        "distribution": {
          "2": 45,
          "3": 54,
          "1": 135,
          "-1": 33,
          "4": 31,
          "5": 10,
          "6": 14
        },
        "n_never": 33,
        "n_total": 322
      }
    },
    "a_ld": {
      "1": {
        "distribution": {
          "-1": 362,
          "3": 124,
          "1": 418,
          "2": 180,
          "4": 78,
          "5": 54,
          "6": 48
        },
        "n_never": 362,
        "n_total": 1264
      },
      "2": {
        "distribution": {
          "3": 124,
          "1": 335,
          "5": 67,
          "-1": 304,
          "2": 159,
          "6": 35,
          "4": 70
        },
        "n_never": 304,
        "n_total": 1094
      },
      "3": {
        "distribution": {
          "2": 100,
          "-1": 206,
          "5": 30,
          "4": 33,
          "3": 67,
          "1": 211,
          "6": 23
        },
        "n_never": 206,
        "n_total": 670
      },
      "4": {
        "distribution": {
          "1": 120,
          "-1": 93,
          "3": 19,
          "2": 51,
          "4": 16,
          "5": 18,
          "6": 5
        },
        "n_never": 93,
        "n_total": 322
      }
    },
    "c_ld": {
      "1": {
        "distribution": {
          "-1": 233,
          "1": 657,
          "6": 31,
          "2": 135,
          "5": 42,
          "3": 99,
          "4": 67
        },
        "n_never": 233,
        "n_total": 1264
      },
      "2": {
        "distribution": {
          "-1": 312,
          "2": 175,
          "1": 263,
          "6": 36,
          "3": 181,
          "4": 74,
          "5": 53
        },
        "n_never": 312,
        "n_total": 1094
      },
      "3": {
        "distribution": {
          "1": 170,
          "2": 101,
          "4": 45,
          "-1": 202,
          "6": 20,
          "3": 89,
          "5": 43
        },
        "n_never": 202,
        "n_total": 670
      },
      "4": {
        "distribution": {
          "2": 52,
          "4": 16,
          "-1": 111,
          "1": 93,
          "3": 29,
          "5": 17,
          "6": 4
        },
        "n_never": 111,
        "n_total": 322
      }
    }
  },
  "results": {
    "op": {
      "1": {
        "step1": {
          "best_layer": 11,
          "acc_oof": 0.4754746835443038
        },
        "step2": {
          "best_layer": 0,
          "acc_oof": 0.5348101265822784
        },
        "step3": {
          "best_layer": 4,
          "acc_oof": 0.4295886075949367
        },
        "step4": {
          "best_layer": 0,
          "acc_oof": 0.5007911392405063
        },
        "step5": {
          "best_layer": 8,
          "acc_oof": 0.4454113924050633
        },
        "step6": {
          "best_layer": 10,
          "acc_oof": 0.40822784810126583
        }
      },
      "2": {
        "step1": {
          "best_layer": 8,
          "acc_oof": 0.42321755027422303
        },
        "step2": {
          "best_layer": 0,
          "acc_oof": 0.5045703839122486
        },
        "step3": {
          "best_layer": 7,
          "acc_oof": 0.3793418647166362
        },
        "step4": {
          "best_layer": 0,
          "acc_oof": 0.49177330895795246
        },
        "step5": {
          "best_layer": 2,
          "acc_oof": 0.3711151736745887
        },
        "step6": {
          "best_layer": 7,
          "acc_oof": 0.39945155393053017
        }
      },
      "3": {
        "step1": {
          "best_layer": 10,
          "acc_oof": 0.3597014925373134
        },
        "step2": {
          "best_layer": 7,
          "acc_oof": 0.39552238805970147
        },
        "step3": {
          "best_layer": 7,
          "acc_oof": 0.3716417910447761
        },
        "step4": {
          "best_layer": 0,
          "acc_oof": 0.44925373134328356
        },
        "step5": {
          "best_layer": 11,
          "acc_oof": 0.4014925373134328
        },
        "step6": {
          "best_layer": 2,
          "acc_oof": 0.3761194029850746
        }
      },
      "4": {
        "step1": {
          "best_layer": 11,
          "acc_oof": 0.4192546583850932
        },
        "step2": {
          "best_layer": 4,
          "acc_oof": 0.33229813664596275
        },
        "step3": {
          "best_layer": 8,
          "acc_oof": 0.46273291925465837
        },
        "step4": {
          "best_layer": 7,
          "acc_oof": 0.5031055900621118
        },
        "step5": {
          "best_layer": 8,
          "acc_oof": 0.4813664596273292
        },
        "step6": {
          "best_layer": 10,
          "acc_oof": 0.45652173913043476
        }
      }
    },
    "a_ld": {
      "1": {
        "step1": {
          "best_layer": 0,