{
  "Ns": 324,
  "Nt": 676,
  "train_acc_strict": [
    0.8333333333333334,
    1.0,
    1.0,
    1.0,
    1.0,
    1.0,
    1.0,
    1.0,
    1.0,
    1.0,
    1.0,
    1.0,
    1.0
  ],
  "test_acc_on_cf_balanced": [
    0.25443786982248523,
    0.34171597633136097,
    0.4230769230769231,
    0.3831360946745562,
    0.371301775147929,
    0.42159763313609466,
    0.5177514792899408,
    0.5606508875739645,
    0.8076923076923077,
    0.8520710059171598,
    0.8579881656804734,
    0.8520710059171598,
    0.8106508875739645
  ],
  "best_layer": 10,
  "best_transfer_acc": 0.8579881656804734,
  "reverse_train_acc_cf_balanced": [
    0.3624260355029586,
    0.9985207100591716,
    1.0,
    0.9985207100591716,
    0.9970414201183432,
    0.9955621301775148,
    0.9955621301775148,
    0.9985207100591716,
    1.0,
    1.0,
    1.0,
    1.0,
    1.0
  ],
  "reverse_test_acc_on_strict": [
    0.21296296296296297,
    0.6265432098765432,
    0.6111111111111112,
    0.5401234567901234,
    0.5833333333333334,
    0.6419753086419753,
    0.595679012345679,
    0.7901234567901234,
    0.8364197530864198,
    0.8518518518518519,
    0.8271604938271605,
    0.7530864197530864,
    0.6049382716049383
  ],
  "best_reverse_layer": 9,
  "best_reverse_acc": 0.8518518518518519,
  "confusion_matrices_per_layer": [
    [
      [
        25,
        57,
        75,
        34
      ],
      [
        19,
        100,
        113,
        72
      ],
      [
        15,
        21,
        31,
        22
      ],
      [
        5,
        33,
        38,
        16
      ]
    ],
    [
      [
        119,
        50,
        13,
        9
      ],
      [
        190,
        69,
        11,
        34
      ],
      [
        29,
        17,
        28,
        15
      ],
      [
        44,
        26,
        7,
        15
      ]
    ],
    [
      [
        140,
        38,
        7,
        6
      ],
      [
        178,
        106,
        9,
        11
      ],
      [
        42,
        11,
        25,
        11
      ],
      [
        46,
        13,
        18,
        15
      ]
    ],
    [
      [
        117,
        54,
        4,
        16
      ],
      [
        189,
        88,
        13,
        14
      ],
      [
        30,
        14,
        31,
        14
      ],
      [
        30,
        18,
        21,
        23
      ]
    ],
    [
      [
        139,
        27,
        7,
        18
      ],
      [
        206,
        60,
        4,
        34
      ],
      [
        43,
        8,
        21,
        17
      ],
      [
        58,
        2,
        1,
        31
      ]
    ],
    [
      [
        115,
        55,
        4,
        17
      ],
      [
        171,
        114,
        8,
        11
      ],
      [
        16,
        26,
        40,
        7
      ],
      [
        26,
        35,
        15,
        16
      ]
    ],
    [
      [
        156,
        21,
        5,
        9
      ],
      [
        185,
        87,
        19,
        13
      ],
      [
        23,
        0,
        57,
        9
      ],
      [
        26,
        2,
        14,
        50
      ]
    ],
    [
      [
        144,
        28,
        15,
        4
      ],
      [
        162,
        123,
        18,
        1
      ],
      [
        19,
        0,
        59,
        11
      ],
      [
        20,
        1,
        18,
        53
      ]
    ],
    [
      [
        130,
        53,
        2,
        6
      ],
      [
        21,
        271,
        1,
        11
      ],
      [
        16,
        3,
        59,
        11
      ],
      [
        4,
        0,
        2,
        86
      ]
    ],
    [
      [
        151,
        35,
        0,
        5
      ],
      [
        16,
        282,
        0,
        6
      ],
      [
        18,
        5,
        55,
        11
      ],
      [
        0,
        0,
        4,
        88
      ]
    ],
    [
      [
        152,
        34,
        2,
        3
      ],
      [
        19,
        283,
        0,
        2
      ],
      [
        16,
        6,
        58,
        9
      ],
      [
        1,
        0,
        4,
        87
      ]
    ],
    [
      [
        159,
        26,
        0,
        6
      ],
      [
        19,
        274,
        0,
        11
      ],
      [
        20,
        5,
        53,
        11
      ],
      [
        1,
        0,
        1,
        90
      ]
    ],
    [
      [
        131,
        44,
        1,
        15
      ],
      [
        14,
        278,
        1,
        11
      ],
      [
        14,
        14,
        50,
        11
      ],
      [
        3,
        0,
        0,
        89
      ]
    ]
  ]
}