{
  "Ns_train": 226,
  "Ns_test": 98,
  "Nb_train": 473,
  "Nb_test": 203,
  "N_nat_single": 174,
  "N_nat_first": 1289,
  "test_acc_strict_heldout": [
    0.7959183673469388,
    0.8775510204081632,
    0.9183673469387755,
    0.8979591836734694,
    0.9081632653061225,
    0.9285714285714286,
    0.9795918367346939,
    0.9897959183673469,
    0.9897959183673469,
    0.9795918367346939,
    0.9795918367346939,
    0.9489795918367347,
    0.8775510204081632
  ],
  "test_acc_balanced_heldout": [
    0.31527093596059114,
    0.7192118226600985,
    0.7192118226600985,
    0.6699507389162561,
    0.7881773399014779,
    0.7241379310344828,
    0.8325123152709359,
    0.8423645320197044,
    0.8916256157635468,
    0.9064039408866995,
    0.8866995073891626,
    0.8325123152709359,
    0.729064039408867
  ],
  "test_acc_natural_singleop": [
    0.1896551724137931,
    0.3045977011494253,
    0.23563218390804597,
    0.3620689655172414,
    0.40229885057471265,
    0.47126436781609193,
    0.4540229885057471,
    0.5172413793103449,
    0.603448275862069,
    0.6206896551724138,
    0.6149425287356322,
    0.5632183908045977,
    0.5517241379310345
  ],
  "test_acc_natural_firstop": [
    0.17532971295577968,
    0.33824670287044223,
    0.28316524437548485,
    0.24282389449185415,
    0.34988363072148954,
    0.4429790535298681,
    0.32583397982932505,
    0.4243599689681924,
    0.3847944142746315,
    0.40961986035686576,
    0.3995345228859581,
    0.44530643910007756,
    0.42668735453840184
  ],
  "confs_natural_firstop": [
    {
      "layer": 0,
      "matrix": [
        [
          35,
          546,
          19,
          191
        ],
        [
          11,
          175,
          8,
          72
        ],
        [
          15,
          135,
          10,
          42
        ],
        [
          2,
          21,
          1,
          6
        ]
      ]
    },
    {
      "layer": 6,
      "matrix": [
        [
          173,
          352,
          184,
          82
        ],
        [
          21,
          163,
          40,
          42
        ],
        [
          16,
          69,
          74,
          43
        ],
        [
          7,
          10,
          3,
          10
        ]
      ]
    },
    {
      "layer": 12,
      "matrix": [
        [
          338,
          220,
          137,
          96
        ],
        [
          55,
          123,
          43,
          45
        ],
        [
          28,
          39,
          76,
          59
        ],
        [
          4,
          7,
          6,
          13
        ]
      ]
    }
  ]
}