{
  "N": 1300,
  "auc": {
    "add": [
      [
        0.6145619928041779,
        0.5586393124905151,
        0.5997235737707152,
        0.6058383811519297,
        0.6291550837040462,
        0.6413879464485878,
        0.6850870002494988,
        0.7087336430716646,
        0.7458327763542452,
        0.756419521888687,
        0.7703676878034956,
        0.7621306452004029,
        0.7438083005254683
      ],
      [
        0.8069385429389959,
        0.775154114548841,
        0.7524173819761891,
        0.7315427122166832,
        0.7318207659145213,
        0.7643636131971843,
        0.7335442852508182,
        0.750785534095072,
        0.7516930726916945,
        0.7541156059999711,
        0.7024056975865756,
        0.7056487439721648,
        0.6908198509619012
      ],
      [
        0.6364766590175645,
        0.6412342248568975,
        0.6708915819861395,
        0.6696802121662595,
        0.6916037877267264,
        0.7054506796582241,
        0.7293242361086866,
        0.741489939114593,
        0.762748051593257,
        0.7465193362506287,
        0.7480517277201526,
        0.7826267917397114,
        0.7502863579604565
      ],
      [
        0.833861871133516,
        0.7852785407792384,
        0.7629278381834447,
        0.7606483018663911,
        0.7431721527426067,
        0.7398233834959945,
        0.7639498443866499,
        0.7328331788629207,
        0.7475154096002191,
        0.7730414702634372,
        0.7327498209436841,
        0.7343620580605666,
        0.6992704281035165
      ],
      [
        0.6662463323419685,
        0.6464141396508045,
        0.6939613057527952,
        0.6742595446973574,
        0.6728014047418314,
        0.6942627583681673,
        0.7141956732797994,
        0.7248678470033042,
        0.7483735955607109,
        0.7343062929201363,
        0.744211235773966,
        0.7752989059284692,
        0.7473719280777599
      ],
      [
        0.8192324311176253,
        0.7806886366575376,
        0.7711482977629448,
        0.7712501327824236,
        0.7496886620200817,
        0.76060479606173,
        0.7532620242453867,
        0.7510971502747431,
        0.7427796893964674,
        0.73194211200999,
        0.7219935427982731,
        0.7237353398583231,
        0.722415924209485
      ]
    ],
    "sub": [
      [
        0.5549859163496349,
        0.5481612411631138,
        0.6045394600014643,
        0.6139973017457568,
        0.6321652382102274,
        0.6605292210842311,
        0.6837800096294921,
        0.7307141123239692,
        0.7398126499955398,
        0.7305462095284598,
        0.7440141281898327,
        0.7677297387402808,
        0.7730605441098712
      ],
      [
        0.792825922629996,
        0.7276637784534975,
        0.7160465360031806,
        0.7182571338332329,
        0.7164385531093813,
        0.7134972119266119,
        0.7534820304397019,
        0.7599702465358931,
        0.7533916381611959,
        0.7206661480123914,
        0.6668542019350093,
        0.6707858885431335,
        0.6654072000735304
      ],
      [
        0.5851623615866253,
        0.5872179468422088,
        0.6093519325581943,
        0.6182393561141079,
        0.6373260174402682,
        0.6316029200294916,
        0.6661411220976541,
        0.7365887116009409,
        0.7294204459335487,
        0.7592053816366185,
        0.7586922937373236,
        0.7974163936456519,
        0.7797339542972612
      ],
      [
        0.818848977916503,
        0.7750699762409644,
        0.7507360030704738,
        0.7515747176216788,
        0.745319948821487,
        0.7427143307492406,
        0.7549690797541133,
        0.76019348951417,
        0.789898558718901,
        0.7611368612398477,
        0.7113395919533383,
        0.6881199471972556,
        0.6554450302815508
      ],
      [
        0.6058590316121515,
        0.585192697489924,
        0.6389821263920117,
        0.6762799693409424,
        0.6778308141463609,
        0.6813804214905594,
        0.6789473631894962,
        0.7272236096569518,
        0.7354267813661588,
        0.7484595583114475,
        0.7633482733004333,
        0.75154344693943,
        0.7870580932971147
      ],
      [
        0.8343798458612959,
        0.784056202971049,
        0.7578102642366306,
        0.7323896063070594,
        0.7323672752416013,
        0.7264628687824563,
        0.758140008568666,
        0.7700897341264489,
        0.7656118595616868,
        0.764958571738976,
        0.7119047187006927,
        0.708680847982398,
        0.673986808534811
      ]
    ],
    "mul": [
      [
        0.7384504046762989,
        0.7229977333531858,
        0.7068943583355942,
        0.6962109220310593,
        0.6829576641976824,
        0.7301212164696693,
        0.72003459788352,
        0.7314446922796709,
        0.7565558671681565,
        0.7963753648510059,
        0.7679535751714466,
        0.783405466724893,
        0.7742689968063264
      ],
      [
        0.8714165644712084,
        0.8018730631078462,
        0.7965016888790968,
        0.7832231294661106,
        0.788080114743442,
        0.7897651003603825,
        0.8014828024819813,
        0.7439188783471009,
        0.7580582645505355,
        0.7720490341713857,
        0.7573453134943826,
        0.7485188751636006,
        0.6832830683874639
      ],
      [
        0.7057849957338144,
        0.6752640741647117,
        0.7357378222190118,
        0.7215115769221571,
        0.7475552932523135,
        0.7733288831435567,
        0.7610442106316506,
        0.7814071505978955,
        0.7692577338991589,
        0.766639738441901,
        0.7929737290633522,
        0.7732588286904023,
        0.7618900661129255
      ],
      [
        0.8500435234948627,
        0.7490552171140463,
        0.7824773770835384,
        0.7708653102647134,
        0.7768973386394176,
        0.7537932277930525,
        0.7714963224264091,
        0.728547672151333,
        0.7666622484192619,
        0.7767450392892515,
        0.7367137958916258,
        0.7105035551188846,
        0.703814733867297
      ],
      [
        0.6432343855284842,
        0.6677788302655101,
        0.6926882944440325,
        0.7187990897551393,
        0.730329367996551,
        0.7543032038655315,
        0.7440118440704395,
        0.7731363941158286,
        0.7447224772914565,
        0.7459133278365611,
        0.737992057140018,
        0.7775018681590143,
        0.7446640012770508
      ],
      [
        0.8380480945288058,
        0.792716222545565,
        0.7613368027580816,
        0.7461414930041776,
        0.7382756503755471,
        0.7580267838667185,
        0.7453243266044713,
        0.7650597143852687,
        0.759515118552771,
        0.7991189931463748,
        0.7211334409764423,
        0.7142697540284363,
        0.6884519910579612
      ]
    ],