{
  "N": 324,
  "S": 6,
  "L": 13,
  "latent_acc": [
    [
      0.8765865384615384,
      0.8671634615384616,
      0.904278846153846,
      0.8857692307692308,
      0.9104807692307691,
      0.9412980769230769,
      0.9629326923076924,
      0.9938461538461538,
      1.0,
      1.0,
      1.0,
      1.0,
      1.0
    ],
    [
      0.993798076923077,
      0.9969230769230769,
      0.9969230769230769,
      0.9969230769230769,
      0.9969230769230769,
      0.9969230769230769,
      0.9969230769230769,
      1.0,
      0.9969230769230769,
      1.0,
      0.9876442307692308,
      0.9814903846153846,
      0.9722115384615385
    ],
    [
      0.8490384615384615,
      0.8210096153846154,
      0.894951923076923,
      0.9011057692307691,
      0.944326923076923,
      0.9784134615384616,
      0.9938461538461538,
      1.0,
      1.0,
      1.0,
      0.9969230769230769,
      1.0,
      1.0
    ],
    [
      0.9846153846153847,
      0.9907692307692308,
      0.9938461538461538,
      0.9938461538461538,
      0.9938461538461538,
      0.9969230769230769,
      1.0,
      1.0,
      0.9969230769230769,
      0.9969230769230769,
      0.9938461538461538,
      0.9876442307692308,
      0.9629807692307694
    ],
    [
      0.8335096153846155,
      0.8176442307692309,
      0.9042307692307692,
      0.9103846153846152,
      0.9567788461538462,
      0.9814423076923078,
      0.9907692307692308,
      0.9938461538461538,
      1.0,
      1.0,
      0.9938461538461538,
      1.0,
      1.0
    ],
    [
      0.9876923076923078,
      0.9907692307692308,
      0.9938461538461538,
      0.9907692307692308,
      0.9938461538461538,
      0.9938461538461538,
      0.9969230769230769,
      1.0,
      0.9969230769230769,
      0.9938461538461538,
      0.9845673076923077,
      0.9814903846153846,
      0.9753365384615386
    ]
  ],
  "colon_acc_per_layer": [
    0.7899519230769231,
    0.993798076923077,
    1.0,
    0.996875,
    0.9907692307692308,
    0.9969230769230769,
    0.9969230769230769,
    1.0,
    1.0,
    1.0,
    1.0,
    1.0,
    0.9969230769230769
  ],
  "within_magnitude_acc": {
    "large (500-5000)": 1.0,
    "medium (50-500)": 0.9814814814814815,
    "small (1-50)": 0.9907407407407408
  }
}