{
  "N": 320,
  "S": 6,
  "L": 13,
  "Lc": 13,
  "n_templates": 80,
  "latent_acc_5fold": [
    [
      0.984375,
      0.984375,
      0.98125,
      0.98125,
      0.98125,
      0.984375,
      0.990625,
      0.9875,
      0.996875,
      1.0,
      1.0,
      1.0,
      1.0
    ],
    [
      0.996875,
      0.99375,
      0.996875,
      0.99375,
      0.990625,
      0.996875,
      0.990625,
      0.996875,
      0.99375,
      0.990625,
      0.99375,
      0.99375,
      0.99375
    ],
    [
      0.990625,
      0.990625,
      0.996875,
      0.990625,
      0.990625,
      0.990625,
      0.990625,
      0.99375,
      0.996875,
      0.99375,
      1.0,
      1.0,
      1.0
    ],
    [
      0.990625,
      0.99375,
      0.99375,
      0.990625,
      0.99375,
      0.990625,
      0.990625,
      0.99375,
      0.99375,
      0.99375,
      0.99375,
      0.99375,
      0.99375
    ],
    [
      0.99375,
      0.996875,
      0.99375,
      0.99375,
      0.99375,
      0.99375,
      0.990625,
      0.990625,
      1.0,
      0.99375,
      1.0,
      1.0,
      1.0
    ],
    [
      0.9875,
      0.990625,
      0.990625,
      0.990625,
      0.990625,
      0.990625,
      0.990625,
      0.996875,
      0.99375,
      0.99375,
      0.99375,
      0.99375,
      0.99375
    ]
  ],
  "colon_acc_5fold": [
    0.0875,
    0.99375,
    0.990625,
    0.996875,
    0.9875,
    0.99375,
    0.996875,
    1.0,
    1.0,
    1.0,
    1.0,
    1.0,
    1.0
  ],
  "latent_acc_loto": [
    [
      0.98125,
      0.9875,
      0.98125,
      0.984375,
      0.984375,
      0.9875,
      0.996875,
      0.99375,
      1.0,
      1.0,
      1.0,
      1.0,
      0.996875
    ],
    [
      1.0,
      0.99375,
      0.996875,
      0.99375,
      0.99375,
      0.99375,
      0.99375,
      1.0,
      0.996875,
      0.99375,
      0.996875,
      0.996875,
      0.996875
    ],
    [
      0.99375,
      0.99375,
      0.99375,
      0.990625,
      0.990625,
      0.9875,
      0.990625,
      0.996875,
      1.0,
      0.996875,
      0.996875,
      1.0,
      1.0
    ],
    [
      0.99375,
      0.996875,
      0.99375,
      0.99375,
      0.99375,
      0.99375,
      0.99375,
      0.99375,
      0.996875,
      0.99375,
      0.99375,
      0.996875,
      0.996875
    ],
    [
      0.99375,
      0.996875,
      0.996875,
      0.996875,
      0.99375,
      0.99375,
      0.99375,
      0.99375,
      1.0,
      0.99375,
      1.0,
      1.0,
      1.0
    ],
    [
      0.990625,
      0.996875,
      0.99375,
      0.99375,
      0.99375,
      0.99375,
      0.99375,
      0.996875,
      0.996875,
      0.996875,
      0.996875,
      0.996875,
      0.996875
    ]
  ],
  "colon_acc_loto": [
    0.25,
    0.996875,
    0.99375,
    0.996875,
    0.996875,
    0.996875,
    0.996875,
    1.0,
    1.0,
    1.0,
    1.0,
    1.0,
    1.0
  ],
  "best_latent_5fold": 1.0,
  "best_latent_loto": 1.0,
  "best_colon_5fold": 1.0,
  "best_colon_loto": 1.0
}