{
  "N": 630,
  "has_op": {
    "add": 0.30952380952380953,
    "sub": 0.6904761904761905,
    "mul": 0.9809523809523809,
    "div": 0.7142857142857143
  },
  "latent_auc": {
    "add": [
      [
        0.6132036545829649,
        0.5854406130268199,
        0.704096669613911,
        0.7095195991747716,
        0.7287945770704392,
        0.7832007073386384,
        0.8613026819923372,
        0.9024462127910404,
        0.9075744179192455,
        0.9382257589154142,
        0.9463012083701738,
        0.9596227527262009,
        0.9401119952844089
      ],
      [
        0.8994989684644856,
        0.8692602416740348,
        0.8853521956970232,
        0.8937223695844386,
        0.8940760389036251,
        0.9160624815797229,
        0.946419098143236,
        0.9659888004715592,
        0.9688770999115827,
        0.9586796345417035,
        0.9195402298850576,
        0.8892425582080754,
        0.803654582964928
      ],
      [
        0.6838196286472149,
        0.64096669613911,
        0.6931918656056587,
        0.7262010020630711,
        0.7549661066902446,
        0.7827291482463897,
        0.8353669319186562,
        0.9012083701738873,
        0.9610374300029474,
        0.9637488947833776,
        0.9527262010020632,
        0.9556145004420866,
        0.9579133510167992
      ],
      [
        0.9069849690539347,
        0.896021220159151,
        0.9042735042735044,
        0.891541408782788,
        0.902210433244916,
        0.9178308281756559,
        0.9501915708812261,
        0.950132625994695,
        0.962687886825818,
        0.9473032714412024,
        0.8924845269672856,
        0.8749778956675508,
        0.7979369289714118
      ],
      [
        0.6600648393751841,
        0.715473032714412,
        0.7615679339817272,
        0.7920424403183024,
        0.7928676687297377,
        0.8218685529030356,
        0.8456822870615973,
        0.8882404951370468,
        0.9283819628647215,
        0.9404656646035956,
        0.9516062481579723,
        0.9550250515767758,
        0.9214264662540523
      ],
      [
        0.9300913645741232,
        0.9175950486295313,
        0.9111111111111111,
        0.904096669613911,
        0.899086354258768,
        0.9119952844090775,
        0.9208959622752726,
        0.9453580901856764,
        0.9639257294429708,
        0.942469790745653,
        0.9011494252873563,
        0.8729148246389625,
        0.764633068081344
      ]
    ],
    "sub": [
      [
        0.6021809608016505,
        0.6377247273798997,
        0.7593869731800768,
        0.7546124373710581,
        0.7566755083996464,
        0.7816681402888299,
        0.8733863837312112,
        0.8937813144709696,
        0.8923666371942234,
        0.8964338343648688,
        0.9101679929266137,
        0.931270262304745,
        0.9108163866784557
      ],
      [
        0.8882994400235781,
        0.8561155319776009,
        0.9014441497200117,
        0.8930150309460656,
        0.9072796934865901,
        0.8898320070733865,
        0.925022104332449,
        0.9585027998821103,
        0.9385204833480694,
        0.9230769230769231,
        0.8724432655467138,
        0.8195107574417918,
        0.7478927203065133
      ],
      [
        0.5597406424992631,
        0.658001768346596,
        0.7161803713527851,
        0.7366342469790746,
        0.7648099027409373,
        0.7816091954022989,
        0.8162098437960505,
        0.8697907456528146,
        0.9167698202180962,
        0.930032419687592,
        0.9386383731211317,
        0.960919540229885,
        0.9517830828175654
      ],
      [
        0.9229590333038609,
        0.9090480400825228,
        0.9401119952844091,
        0.942587680518715,
        0.9461243737105806,
        0.945711759504863,
        0.9464190981432361,
        0.9300324196875922,
        0.961450044208665,
        0.953846153846154,
        0.935691128794577,
        0.8750957854406132,
        0.7921603300913646
      ],
      [
        0.6035956380783968,
        0.6512231063955202,
        0.7473622163277336,
        0.7839080459770116,
        0.7929855585027998,
        0.7995873857942823,
        0.8196875921013852,
        0.8927792513999411,
        0.9206601827291483,
        0.9338638373121132,
        0.9463601532567051,
        0.956439728853522,
        0.9613910993221338
      ],
      [
        0.9333333333333333,
        0.9030356616563513,
        0.9156498673740053,
        0.9171824344238138,
        0.921898025346301,
        0.9271441202475685,
        0.9176539935160626,
        0.9296787503684054,
        0.9401119952844091,
        0.9292661361626878,
        0.9058650162098438,
        0.8694960212201591,
        0.7830828175655762
      ]
    ],
    "mul": [
      [
        0.7864367514642888,
        0.8523843867470934,
        0.7771483521286826,
        0.7247945624617536,
        0.7619044496896582,
        0.8421125098347758,
        0.762855144680479,
        0.9047338054025703,
        0.9123896319608358,
        0.995967741935484,
        0.9829989509572516,
        0.9317466561762393,
        0.9394396363318471
      ],
      [
        0.9819280531514991,
        0.9903225806451612,
        0.9370836611591923,
        0.9628901127720955,
        0.9720124136725238,
        0.9378114345659586,
        0.8480570854095639,
        0.8813467086283765,
        0.9687734941865548,
        0.9541655739138036,
        0.8811631261473906,
        0.8445668327651017,
        0.7814188303173355
      ],
      [
        0.7381785995279307,
        0.7168262085846665,
        0.7314166448116094,
        0.6153553632310517,
        0.7118498120465075,
        0.7656547775155171,
        0.7885151674097386,
        0.7752425911355887,
        0.864411224757409,
        0.959520062942565,
        0.975,
        0.9566504939242941,
        0.9111723052714398
      ],
      [
        0.9169223708366117,
        0.7994864061543842,
        0.8614367514642888,
        0.9053020368913366,
        0.9413803654165575,
        0.9276706879972026,
        0.892663257277734,
        0.9741935483870968,
        0.9034771396101059,
        0.9523275635982167,
        0.9422807937756797,
        0.7819214966343212,
        0.9092818428184282
      ],
      [
        0.5125994405105342,
        0.4954497770784159,
        0.5322842905848414,
        0.568362619110062,
        0.654635457644899,
        0.7136790803391905,
        0.732067925517965,
        0.6442870880321706,
        0.8270674884168197,
        0.8570919660809511,
        0.8760206311740537,
        0.8103549261299066,
        0.7684063292245826
      ],
      [
        0.8142036017134366,
        0.8124704956726987,
        0.8877065302911094,
        0.9093233674272228,
        0.9328022554419093,
        0.8856062592883994,
        0.8642036017134365,
        0.9036126409651194,
        0.9197919398548823,
        0.962151411836699,
        0.9654427834600925,
        0.853929539295393,
        0.8402854270478188
      ]
    ],