{
  "L": 13,
  "cf_acc": {
    "0": {
      "indiv": [
        0.45588235294117646,
        0.4632352941176471,
        0.4852941176470588,
        0.38235294117647056,
        0.47794117647058826,
        0.45588235294117646,
        0.5,
        0.6102941176470589,
        0.625,
        0.6911764705882353,
        0.6323529411764706,
        0.6397058823529411,
        0.5808823529411765
      ],
      "AS|M|D": [
        0.7279411764705882,
        0.7352941176470589,
        0.7720588235294118,
        0.7205882352941176,
        0.7941176470588235,
        0.7573529411764706,
        0.7867647058823529,
        0.8382352941176471,
        0.9117647058823529,
        0.9338235294117647,
        0.875,
        0.8602941176470589,
        0.8161764705882353
      ],
      "AS|MD": [
        0.7279411764705882,
        0.8382352941176471,
        0.8602941176470589,
        0.8676470588235294,
        0.9117647058823529,
        0.8823529411764706,
        0.9264705882352942,
        0.9411764705882353,
        0.9411764705882353,
        0.9558823529411765,
        0.9485294117647058,
        0.9411764705882353,
        0.8823529411764706
      ],
      "AM|SD": [
        0.6176470588235294,
        0.6323529411764706,
        0.5735294117647058,
        0.5661764705882353,
        0.5808823529411765,
        0.5882352941176471,
        0.5514705882352942,
        0.5735294117647058,
        0.5882352941176471,
        0.5882352941176471,
        0.5367647058823529,
        0.5073529411764706,
        0.5808823529411765
      ]
    },
    "1": {
      "indiv": [
        0.4117647058823529,
        0.41911764705882354,
        0.27941176470588236,
        0.29411764705882354,
        0.36764705882352944,
        0.27205882352941174,
        0.5220588235294118,
        0.5661764705882353,
        0.5367647058823529,
        0.5735294117647058,
        0.5514705882352942,
        0.5661764705882353,
        0.34558823529411764
      ],
      "AS|M|D": [
        0.7279411764705882,
        0.6397058823529411,
        0.5147058823529411,
        0.49264705882352944,
        0.625,
        0.5294117647058824,
        0.7352941176470589,
        0.7720588235294118,
        0.7867647058823529,
        0.75,
        0.7941176470588235,
        0.7867647058823529,
        0.5808823529411765
      ],
      "AS|MD": [
        0.7279411764705882,
        0.7573529411764706,
        0.7279411764705882,
        0.7279411764705882,
        0.7279411764705882,
        0.7279411764705882,
        0.7279411764705882,
        0.75,
        0.8088235294117647,
        0.75,
        0.7720588235294118,
        0.7279411764705882,
        0.7867647058823529
      ],
      "AM|SD": [
        0.5882352941176471,
        0.5808823529411765,
        0.5220588235294118,
        0.5955882352941176,
        0.6323529411764706,
        0.6470588235294118,
        0.6691176470588235,
        0.7205882352941176,
        0.6617647058823529,
        0.8455882352941176,
        0.75,
        0.7352941176470589,
        0.6176470588235294
      ]
    },
    "2": {
      "indiv": [
        0.4485294117647059,
        0.375,
        0.40441176470588236,
        0.34558823529411764,
        0.3897058823529412,
        0.41911764705882354,
        0.4852941176470588,
        0.47794117647058826,
        0.5147058823529411,
        0.47058823529411764,
        0.5367647058823529,
        0.5294117647058824,
        0.5147058823529411
      ],
      "AS|M|D": [
        0.7279411764705882,
        0.6838235294117647,
        0.7352941176470589,
        0.6176470588235294,
        0.7132352941176471,
        0.7132352941176471,
        0.7205882352941176,
        0.7279411764705882,
        0.7279411764705882,
        0.6985294117647058,
        0.7279411764705882,
        0.7205882352941176,
        0.7279411764705882
      ],
      "AS|MD": [
        0.7279411764705882,
        0.6838235294117647,
        0.7352941176470589,
        0.7279411764705882,
        0.7132352941176471,
        0.7279411764705882,
        0.7205882352941176,
        0.75,
        0.7279411764705882,
        0.7352941176470589,
        0.7279411764705882,
        0.7205882352941176,
        0.7205882352941176
      ],
      "AM|SD": [
        0.5882352941176471,
        0.6470588235294118,
        0.5882352941176471,
        0.5735294117647058,
        0.6102941176470589,
        0.6397058823529411,
        0.6838235294117647,
        0.6617647058823529,
        0.7794117647058824,
        0.6985294117647058,
        0.7352941176470589,
        0.7205882352941176,
        0.7352941176470589
      ]
    }
  },
  "orig_acc": {
    "0": {
      "indiv": [
        0.40804597701149425,
        0.3448275862068966,
        0.20689655172413793,
        0.23563218390804597,
        0.3563218390804598,
        0.25862068965517243,
        0.3275862068965517,
        0.3563218390804598,
        0.3390804597701149,
        0.47701149425287354,
        0.46551724137931033,
        0.3735632183908046,
        0.43103448275862066
      ],
      "AS|M|D": [
        0.40804597701149425,
        0.40804597701149425,
        0.3275862068965517,
        0.3563218390804598,
        0.4885057471264368,
        0.3850574712643678,
        0.43103448275862066,
        0.4482758620689655,
        0.47126436781609193,
        0.5862068965517241,
        0.5402298850574713,
        0.45977011494252873,
        0.47701149425287354
      ],
      "AS|MD": [
        0.39655172413793105,
        0.5632183908045977,
        0.41954022988505746,
        0.4540229885057471,
        0.632183908045977,
        0.4827586206896552,
        0.6839080459770115,
        0.7298850574712644,
        0.735632183908046,
        0.764367816091954,
        0.8333333333333334,
        0.7701149425287356,
        0.6264367816091954
      ],
      "AM|SD": [
        0.6954022988505747,
        0.603448275862069,
        0.39080459770114945,
        0.4827586206896552,
        0.4482758620689655,
        0.367816091954023,
        0.632183908045977,
        0.6206896551724138,
        0.3045977011494253,
        0.3045977011494253,
        0.40229885057471265,
        0.5689655172413793,
        0.3103448275862069
      ]
    },
    "1": {
      "indiv": [
        0.13218390804597702,
        0.3620689655172414,
        0.28160919540229884,
        0.42528735632183906,
        0.3218390804597701,
        0.39655172413793105,
        0.3333333333333333,
        0.5057471264367817,
        0.40804597701149425,
        0.46551724137931033,
        0.5229885057471264,
        0.41379310344827586,
        0.40804597701149425
      ],
      "AS|M|D": [
        0.3390804597701149,
        0.40229885057471265,
        0.3218390804597701,
        0.47126436781609193,
        0.3793103448275862,
        0.4482758620689655,
        0.39655172413793105,
        0.5804597701149425,
        0.5057471264367817,
        0.5517241379310345,
        0.6666666666666666,
        0.5459770114942529,
        0.4885057471264368
      ],
      "AS|MD": [
        0.3390804597701149,
        0.367816091954023,
        0.3390804597701149,
        0.3390804597701149,
        0.3390804597701149,
        0.3735632183908046,
        0.3390804597701149,
        0.43103448275862066,
        0.5287356321839081,
        0.41954022988505746,
        0.5172413793103449,
        0.3390804597701149,
        0.5632183908045977
      ],
      "AM|SD": [
        0.3045977011494253,
        0.5689655172413793,
        0.4425287356321839,
        0.6436781609195402,
        0.5459770114942529,
        0.5862068965517241,
        0.603448275862069,
        0.7068965517241379,
        0.632183908045977,
        0.6954022988505747,
        0.7183908045977011,
        0.7068965517241379,
        0.6149425287356322
      ]
    },