{
  "L": 13,
  "cf_test_acc": {
    "1": [
      0.45588235294117646,
      0.4632352941176471,
      0.4852941176470588,
      0.38235294117647056,
      0.47794117647058826,
      0.45588235294117646,
      0.5,
      0.6102941176470589,
      0.625,
      0.6911764705882353,
      0.6323529411764706,
      0.6397058823529411,
      0.5808823529411765
    ],
    "2": [
      0.4264705882352941,
      0.5661764705882353,
      0.45588235294117646,
      0.5147058823529411,
      0.5220588235294118,
      0.4411764705882353,
      0.6102941176470589,
      0.6985294117647058,
      0.6470588235294118,
      0.8161764705882353,
      0.6691176470588235,
      0.7132352941176471,
      0.5514705882352942
    ],
    "3": [
      0.4338235294117647,
      0.6691176470588235,
      0.5808823529411765,
      0.5514705882352942,
      0.5808823529411765,
      0.5514705882352942,
      0.7058823529411765,
      0.7279411764705882,
      0.8455882352941176,
      0.8529411764705882,
      0.8235294117647058,
      0.8088235294117647,
      0.75
    ]
  },
  "orig_acc": {
    "1": [
      0.40804597701149425,
      0.3448275862068966,
      0.20689655172413793,
      0.23563218390804597,
      0.3563218390804598,
      0.25862068965517243,
      0.3275862068965517,
      0.3563218390804598,
      0.3390804597701149,
      0.47701149425287354,
      0.46551724137931033,
      0.3735632183908046,
      0.43103448275862066
    ],
    "2": [
      0.39655172413793105,
      0.367816091954023,
      0.20689655172413793,
      0.2988505747126437,
      0.39080459770114945,
      0.367816091954023,
      0.41954022988505746,
      0.5689655172413793,
      0.5287356321839081,
      0.5632183908045977,
      0.6379310344827587,
      0.5574712643678161,
      0.4482758620689655
    ],
    "3": [
      0.47701149425287354,
      0.3793103448275862,
      0.20689655172413793,
      0.27011494252873564,
      0.367816091954023,
      0.3505747126436782,
      0.5057471264367817,
      0.5344827586206896,
      0.5344827586206896,
      0.5977011494252874,
      0.6609195402298851,
      0.5632183908045977,
      0.4885057471264368
    ]
  }
}