{
  "target_step_1idx": 5,
  "target_layer": 11,
  "target_op": "*",
  "N_train": 60,
  "N_eval": 21,
  "N_iters": 80,
  "lr": 0.05,
  "final_v_norm": 63.12662887573242,
  "loss_history": [
    17.658103942871094,
    16.947208404541016,
    12.86801528930664,
    16.357088088989258,
    18.416770935058594,
    14.520142555236816,
    14.795053482055664,
    13.963920593261719,
    16.596511840820312,
    19.49903106689453,
    19.065082550048828,
    16.608299255371094,
    17.658344268798828,
    17.11541748046875,
    16.582962036132812,
    16.769817352294922,
    13.914139747619629,
    16.208332061767578,
    14.802773475646973,
    14.875155448913574,
    16.362834930419922,
    16.637954711914062,
    14.098649024963379,
    18.00200080871582,
    15.749794960021973,
    16.938453674316406,
    15.273447036743164,
    14.040434837341309,
    16.74864959716797,
    16.361114501953125,
    14.824837684631348,
    14.605382919311523,
    20.437294006347656,
    15.478294372558594,
    18.22588348388672,
    16.654630661010742,
    14.647970199584961,
    15.041065216064453,
    14.87468147277832,
    14.458454132080078,
    14.129632949829102,
    15.477108001708984,
    14.458847045898438,
    17.36241912841797,
    13.111815452575684,
    18.318031311035156,
    17.811397552490234,
    14.672466278076172,
    12.752458572387695,
    17.236953735351562,
    16.870498657226562,
    17.32246971130371,
    16.950664520263672,
    16.64448356628418,
    15.575993537902832,
    18.02847671508789,
    17.899429321289062,
    17.741931915283203,
    13.810538291931152,
    16.97252655029297,
    17.825071334838867,
    16.90135383605957,
    18.16121482849121,
    15.47584342956543,
    21.42197036743164,
    14.813377380371094,
    16.061992645263672,
    12.649494171142578,
    12.974615097045898,
    17.206483840942383,
    13.631104469299316,
    15.193061828613281,
    16.668399810791016,
    17.08104133605957,
    17.412696838378906,
    15.097732543945312,
    18.4818172454834,
    17.017406463623047,
    14.227824211120605,
    15.460939407348633
  ],
  "baseline_score": {
    "n": 21,
    "match_add": 1,
    "match_mul": 0,
    "match_other": 20,
    "unparsed": 0
  },
  "learned_score": {
    "n": 21,
    "match_add": 1,
    "match_mul": 0,
    "match_other": 20,
    "unparsed": 0
  },
  "alpha_sweep": {
    "0.0": {
      "score": {
        "n": 21,
        "match_add": 1,
        "match_mul": 0,
        "match_other": 20,
        "unparsed": 0
      }
    },
    "0.25": {
      "score": {
        "n": 21,
        "match_add": 1,
        "match_mul": 0,
        "match_other": 20,
        "unparsed": 0
      }
    },
    "0.5": {
      "score": {
        "n": 21,
        "match_add": 1,
        "match_mul": 0,
        "match_other": 20,
        "unparsed": 0
      }
    },
    "1.0": {
      "score": {
        "n": 21,
        "match_add": 1,
        "match_mul": 0,
        "match_other": 20,
        "unparsed": 0
      }
    },
    "2.0": {
      "score": {
        "n": 21,
        "match_add": 1,
        "match_mul": 0,
        "match_other": 20,
        "unparsed": 0
      }
    },
    "4.0": {
      "score": {
        "n": 21,
        "match_add": 1,
        "match_mul": 0,
        "match_other": 20,
        "unparsed": 0
      }
    }
  },
  "cos_to_random_v": 0.01294710653188229,
  "v_vector_l2": 63.126625061035156
}