{
  "orig_acc": [
    [
      0.9940000176429749,
      0.9950000047683716,
      0.9959999918937683,
      0.996999979019165,
      0.9950000047683716,
      0.9940000176429749
    ],
    [
      0.9929999709129333,
      0.996999979019165,
      0.9940000176429749,
      0.996999979019165,
      0.9929999709129333,
      0.9940000176429749
    ],
    [
      0.9940000176429749,
      0.9940000176429749,
      0.9929999709129333,
      1.0,
      0.9919999837875366,
      0.9929999709129333
    ],
    [
      0.9919999837875366,
      0.9919999837875366,
      0.9959999918937683,
      0.9990000128746033,
      0.9929999709129333,
      0.9950000047683716
    ],
    [
      0.9940000176429749,
      0.9950000047683716,
      0.9909999966621399,
      0.9990000128746033,
      0.9959999918937683,
      0.9950000047683716
    ],
    [
      0.9959999918937683,
      0.996999979019165,
      0.9940000176429749,
      1.0,
      0.9950000047683716,
      0.9929999709129333
    ],
    [
      0.9980000257492065,
      0.9950000047683716,
      0.9959999918937683,
      1.0,
      0.9959999918937683,
      0.996999979019165
    ],
    [
      0.9990000128746033,
      0.9980000257492065,
      0.9990000128746033,
      0.9990000128746033,
      0.9980000257492065,
      0.9990000128746033
    ],
    [
      0.9990000128746033,
      1.0,
      0.9990000128746033,
      0.9990000128746033,
      0.9990000128746033,
      0.9990000128746033
    ],
    [
      1.0,
      1.0,
      0.9980000257492065,
      0.9990000128746033,
      0.9980000257492065,
      0.9990000128746033
    ],
    [
      1.0,
      1.0,
      1.0,
      0.9990000128746033,
      1.0,
      1.0
    ],
    [
      1.0,
      1.0,
      1.0,
      0.9990000128746033,
      1.0,
      1.0
    ],
    [
      0.9990000128746033,
      1.0,
      1.0,
      1.0,
      1.0,
      1.0
    ],
    [
      0.996999979019165,
      1.0,
      1.0,
      1.0,
      0.9990000128746033,
      1.0
    ],
    [
      0.9990000128746033,
      0.9990000128746033,
      1.0,
      1.0,
      1.0,
      0.9990000128746033
    ],
    [
      0.996999979019165,
      1.0,
      0.9990000128746033,
      0.996999979019165,
      0.9980000257492065,
      0.9990000128746033
    ],
    [
      0.9950000047683716,
      0.996999979019165,
      0.9990000128746033,
      0.996999979019165,
      0.9959999918937683,
      0.9959999918937683
    ]
  ],
  "cf_acc": [
    [
      0.5730452537536621,
      0.5668724179267883,
      0.6337448358535767,
      0.7541152238845825,
      0.5740740895271301,
      0.5905349850654602
    ],
    [
      0.6213991641998291,
      0.5823045372962952,
      0.6697530746459961,
      0.7757201790809631,
      0.6358024477958679,
      0.6162551641464233
    ],
    [
      0.6769547462463379,
      0.6604938507080078,
      0.7191358208656311,
      0.8096708059310913,
      0.6316872239112854,
      0.6502057909965515
    ],
    [
      0.7129629850387573,
      0.6913580298423767,
      0.7572016716003418,
      0.8292180895805359,
      0.6779835224151611,
      0.661522626876831
    ],
    [
      0.7530864477157593,
      0.7047325372695923,
      0.7633745074272156,
      0.8631687164306641,
      0.6831275820732117,
      0.6676954627037048
    ],
    [
      0.7911522388458252,
      0.7561728358268738,
      0.8024691343307495,
      0.8713991641998291,
      0.7407407164573669,
      0.7366254925727844
    ],
    [
      0.8292180895805359,
      0.7592592835426331,
      0.8395061492919922,
      0.9197530746459961,
      0.7788065671920776,
      0.7479423880577087
    ],
    [
      0.8827160596847534,
      0.8744856119155884,
      0.8868312835693359,
      0.9372428059577942,
      0.8539094924926758,
      0.855967104434967
    ],
    [
      0.9094650149345398,
      0.9104938507080078,
      0.9269547462463379,
      0.9711934328079224,
      0.9125514626502991,
      0.8724279999732971
    ],
    [
      0.9084362387657166,
      0.8991769552230835,
      0.9320987462997437,
      0.951646089553833,
      0.9022634029388428,
      0.8878600597381592
    ],
    [
      0.9207819104194641,
      0.895061731338501,
      0.9300411343574524,
      0.9639917612075806,
      0.8960905075073242,
      0.8981481194496155
    ],
    [
      0.9156378507614136,
      0.8888888955116272,
      0.9259259104728699,
      0.9557613134384155,
      0.8971193432807922,
      0.8971193432807922
    ],
    [
      0.8878600597381592,
      0.8858024477958679,
      0.9135802388191223,
      0.8847736716270447,
      0.8508230447769165,
      0.8569958806037903
    ],
    [
      0.8919752836227417,
      0.8868312835693359,
      0.911522626876831,
      0.8827160596847534,
      0.855967104434967,
      0.8580247163772583
    ],
    [
      0.8786008358001709,
      0.8858024477958679,
      0.903292179107666,
      0.8652263283729553,
      0.8312757015228271,
      0.8713991641998291
    ],
    [
      0.8744856119155884,
      0.855967104434967,
      0.9104938507080078,
      0.855967104434967,
      0.8446502089500427,
      0.8683127760887146
    ],
    [
      0.8117284178733826,
      0.846707820892334,
      0.8806584477424622,
      0.8158436417579651,
      0.8168724179267883,
      0.8734567761421204
    ]
  ],