{
  "shape_convention": "(layer, latent_step)",
  "Lp1": 13,
  "S": 6,
  "best_cell": [
    8,
    3
  ],
  "best_cf_train": 1.0,
  "best_cf_test": 0.8529411764705882,
  "best_svamp_transfer": 0.8538538538538538,
  "grid_cf_train": [
    [
      1.0,
      1.0,
      0.9981481481481481,
      0.9981481481481481,
      1.0,
      1.0
    ],
    [
      0.9888888888888889,
      1.0,
      0.9962962962962963,
      0.9981481481481481,
      0.9962962962962963,
      1.0
    ],
    [
      0.9925925925925926,
      0.9981481481481481,
      0.9851851851851852,
      0.9981481481481481,
      1.0,
      1.0
    ],
    [
      0.9925925925925926,
      0.9981481481481481,
      0.9925925925925926,
      0.9981481481481481,
      0.9962962962962963,
      0.9981481481481481
    ],
    [
      0.9944444444444445,
      1.0,
      0.9962962962962963,
      0.9962962962962963,
      0.9962962962962963,
      0.9981481481481481
    ],
    [
      1.0,
      0.9981481481481481,
      1.0,
      0.9962962962962963,
      1.0,
      0.9962962962962963
    ],
    [
      1.0,
      1.0,
      0.9981481481481481,
      1.0,
      0.9944444444444445,
      0.9981481481481481
    ],
    [
      1.0,
      0.9981481481481481,
      0.9981481481481481,
      0.9981481481481481,
      0.9962962962962963,
      0.9981481481481481
    ],
    [
      1.0,
      1.0,
      1.0,
      1.0,
      1.0,
      1.0
    ],
    [
      1.0,
      1.0,
      1.0,
      1.0,
      1.0,
      1.0
    ],
    [
      1.0,
      1.0,
      0.9962962962962963,
      1.0,
      0.9962962962962963,
      0.9962962962962963
    ],
    [
      1.0,
      0.9981481481481481,
      0.9981481481481481,
      0.9944444444444445,
      0.9981481481481481,
      0.9981481481481481
    ],
    [
      1.0,
      0.9981481481481481,
      1.0,
      0.9962962962962963,
      1.0,
      0.9962962962962963
    ]
  ],
  "grid_cf_test": [
    [
      0.4411764705882353,
      0.7132352941176471,
      0.45588235294117646,
      0.6176470588235294,
      0.47058823529411764,
      0.6323529411764706
    ],
    [
      0.40441176470588236,
      0.7205882352941176,
      0.41911764705882354,
      0.6176470588235294,
      0.4485294117647059,
      0.625
    ],
    [
      0.47794117647058826,
      0.75,
      0.4485294117647059,
      0.7279411764705882,
      0.5,
      0.7058823529411765
    ],
    [
      0.5441176470588235,
      0.7426470588235294,
      0.5220588235294118,
      0.6691176470588235,
      0.5220588235294118,
      0.6764705882352942
    ],
    [
      0.47794117647058826,
      0.7132352941176471,
      0.4411764705882353,
      0.6911764705882353,
      0.4632352941176471,
      0.6911764705882353
    ],
    [
      0.47058823529411764,
      0.6764705882352942,
      0.49264705882352944,
      0.7058823529411765,
      0.5294117647058824,
      0.6397058823529411
    ],
    [
      0.5514705882352942,
      0.7426470588235294,
      0.6102941176470589,
      0.7794117647058824,
      0.5514705882352942,
      0.6470588235294118
    ],
    [
      0.6470588235294118,
      0.7279411764705882,
      0.5882352941176471,
      0.7794117647058824,
      0.625,
      0.7426470588235294
    ],
    [
      0.7132352941176471,
      0.7279411764705882,
      0.6764705882352942,
      0.8529411764705882,
      0.7132352941176471,
      0.7941176470588235
    ],
    [
      0.8529411764705882,
      0.7794117647058824,
      0.7720588235294118,
      0.7647058823529411,
      0.7794117647058824,
      0.7205882352941176
    ],
    [
      0.8161764705882353,
      0.7132352941176471,
      0.8014705882352942,
      0.7132352941176471,
      0.7352941176470589,
      0.7352941176470589
    ],
    [
      0.8382352941176471,
      0.6544117647058824,
      0.8088235294117647,
      0.6029411764705882,
      0.7352941176470589,
      0.5588235294117647
    ],
    [
      0.8308823529411765,
      0.5367647058823529,
      0.8014705882352942,
      0.6617647058823529,
      0.7647058823529411,
      0.5588235294117647
    ]
  ],
  "grid_svamp_transfer": [
    [
      0.3953953953953954,
      0.7087087087087087,
      0.4174174174174174,
      0.6416416416416416,
      0.4494494494494494,
      0.6136136136136137
    ],
    [
      0.4114114114114114,
      0.7297297297297297,
      0.45545545545545546,
      0.6796796796796797,
      0.42042042042042044,
      0.6586586586586587
    ],
    [
      0.44644644644644643,
      0.7697697697697697,
      0.45645645645645644,
      0.7137137137137137,
      0.5045045045045045,
      0.7117117117117117
    ],
    [
      0.4754754754754755,
      0.7367367367367368,
      0.5215215215215215,
      0.7047047047047047,
      0.5225225225225225,
      0.7067067067067067
    ],
    [
      0.5065065065065065,
      0.7577577577577578,
      0.5305305305305306,
      0.7237237237237237,
      0.5755755755755756,
      0.6966966966966966
    ],
    [
      0.5685685685685685,
      0.7597597597597597,
      0.5275275275275275,
      0.7337337337337337,
      0.5645645645645646,
      0.7027027027027027
    ],
    [
      0.6146146146146146,
      0.7747747747747747,
      0.5875875875875876,
      0.7357357357357357,
      0.6226226226226226,
      0.6956956956956957
    ],
    [
      0.6876876876876877,
      0.8098098098098098,
      0.6546546546546547,
      0.8098098098098098,
      0.6586586586586587,
      0.8178178178178178
    ],
    [
      0.7717717717717718,
      0.8208208208208209,
      0.7467467467467468,
      0.8538538538538538,
      0.7357357357357357,
      0.8238238238238238
    ],
    [
      0.8278278278278278,
      0.8058058058058059,
      0.8228228228228228,
      0.8138138138138138,
      0.8178178178178178,
      0.8098098098098098
    ],
    [
      0.8278278278278278,
      0.7477477477477478,
      0.7987987987987988,
      0.7437437437437437,
      0.7787787787787788,
      0.7377377377377378
    ],
    [
      0.8628628628628628,
      0.6886886886886887,
      0.8268268268268268,
      0.6896896896896897,
      0.7977977977977978,
      0.6726726726726727
    ],
    [
      0.8398398398398398,
      0.6196196196196196,
      0.8138138138138138,
      0.6376376376376376,
      0.8158158158158159,
      0.6466466466466466
    ]
  ]
}