{
  "shape": [
    1000,
    13,
    768
  ],
  "n_pos": 391,
  "baseline": 0.609,
  "train_acc": [
    0.6125,
    0.935,
    0.93375,
    0.92125,
    0.90875,
    0.90125,
    0.91125,
    0.92625,
    0.9475,
    0.94375,
    0.96625,
    0.97,
    0.98625
  ],
  "test_acc": [
    0.61,
    0.81,
    0.825,
    0.845,
    0.845,
    0.83,
    0.835,
    0.84,
    0.825,
    0.81,
    0.805,
    0.81,
    0.805
  ],
  "train_auc": [
    0.5869442567456751,
    0.9810012399052687,
    0.981539188222868,
    0.9763565154069709,
    0.9760875412481712,
    0.9724006271690141,
    0.9757004808733132,
    0.9804108088249766,
    0.9869449127802088,
    0.9893263181373867,
    0.9944827495719375,
    0.9978219653482558,
    0.9983664740111919
  ],
  "test_auc": [
    0.5044136191677175,
    0.901744430432955,
    0.901849516603615,
    0.8973308112652375,
    0.901744430432955,
    0.9126733921815889,
    0.9187683900798655,
    0.9185582177385456,
    0.9026902059688946,
    0.898066414459857,
    0.8866120218579235,
    0.8972257250945774,
    0.8979613282891972
  ],
  "best_layer": 6,
  "best_test_auc": 0.9187683900798655,
  "best_test_acc": 0.835,
  "note": "probe on residual at the position whose INPUT is ':' (canonical pre-answer cell)"
}