{
  "operator_correct_only": {
    "cf_grid": [
      [
        0.43478260869565216,
        0.5217391304347826,
        0.41304347826086957,
        0.45652173913043476,
        0.4782608695652174,
        0.5,
        0.5434782608695652,
        0.5869565217391305,
        0.6956521739130435,
        0.782608695652174,
        0.8043478260869565,
        0.717391304347826,
        0.717391304347826
      ],
      [
        0.782608695652174,
        0.6956521739130435,
        0.6956521739130435,
        0.7391304347826086,
        0.6739130434782609,
        0.6956521739130435,
        0.6521739130434783,
        0.717391304347826,
        0.7391304347826086,
        0.6521739130434783,
        0.6956521739130435,
        0.6086956521739131,
        0.6521739130434783
      ],
      [
        0.6086956521739131,
        0.5652173913043478,
        0.5217391304347826,
        0.5217391304347826,
        0.5652173913043478,
        0.5652173913043478,
        0.6521739130434783,
        0.5,
        0.6521739130434783,
        0.6739130434782609,
        0.6521739130434783,
        0.6739130434782609,
        0.6739130434782609
      ],
      [
        0.6304347826086957,
        0.6956521739130435,
        0.6739130434782609,
        0.6739130434782609,
        0.6521739130434783,
        0.6521739130434783,
        0.6304347826086957,
        0.6739130434782609,
        0.717391304347826,
        0.6956521739130435,
        0.7608695652173914,
        0.6521739130434783,
        0.6521739130434783
      ],
      [
        0.5652173913043478,
        0.5652173913043478,
        0.5869565217391305,
        0.5869565217391305,
        0.6086956521739131,
        0.6304347826086957,
        0.6086956521739131,
        0.6521739130434783,
        0.782608695652174,
        0.6304347826086957,
        0.6086956521739131,
        0.6304347826086957,
        0.6521739130434783
      ],
      [
        0.6956521739130435,
        0.6521739130434783,
        0.6521739130434783,
        0.717391304347826,
        0.717391304347826,
        0.6956521739130435,
        0.6086956521739131,
        0.6521739130434783,
        0.6739130434782609,
        0.6956521739130435,
        0.717391304347826,
        0.6739130434782609,
        0.6521739130434783
      ]
    ],
    "sv_transfer_grid": [
      [
        0.4490861618798956,
        0.4699738903394256,
        0.48825065274151436,
        0.4908616187989556,
        0.5326370757180157,
        0.5535248041775457,
        0.6135770234986945,
        0.7362924281984334,
        0.8590078328981723,
        0.8772845953002611,
        0.9112271540469974,
        0.9033942558746736,
        0.8877284595300261
      ],
      [
        0.835509138381201,
        0.8302872062663186,
        0.8224543080939948,
        0.8198433420365535,
        0.8067885117493473,
        0.7963446475195822,
        0.7754569190600522,
        0.8120104438642297,
        0.8485639686684073,
        0.8120104438642297,
        0.7545691906005222,
        0.6710182767624021,
        0.6736292428198434
      ],
      [
        0.556135770234987,
        0.5378590078328982,
        0.5483028720626631,
        0.5639686684073107,
        0.5744125326370757,
        0.5430809399477807,
        0.597911227154047,
        0.6657963446475196,
        0.7859007832898173,
        0.8067885117493473,
        0.8198433420365535,
        0.8433420365535248,
        0.856396866840731
      ],
      [
        0.783289817232376,
        0.7493472584856397,
        0.7545691906005222,
        0.741514360313316,
        0.7859007832898173,
        0.7676240208877284,
        0.7728459530026109,
        0.783289817232376,
        0.8224543080939948,
        0.835509138381201,
        0.7571801566579635,
        0.7049608355091384,
        0.6840731070496083
      ],
      [
        0.6109660574412533,
        0.6318537859007833,
        0.577023498694517,
        0.577023498694517,
        0.5744125326370757,
        0.6266318537859008,
        0.6684073107049608,
        0.6736292428198434,
        0.7806788511749347,
        0.7702349869451697,
        0.7754569190600522,
        0.8120104438642297,
        0.8590078328981723
      ],
      [
        0.7467362924281984,
        0.7101827676240209,
        0.7180156657963447,
        0.7545691906005222,
        0.762402088772846,
        0.7571801566579635,
        0.762402088772846,
        0.7780678851174935,
        0.8120104438642297,
        0.8120104438642297,
        0.7493472584856397,
        0.7180156657963447,
        0.6788511749347258
      ]
    ],
    "n_train": 106,
    "n_test_cf": 46,
    "n_svamp": 383,
    "best_cell": [
      0,
      10
    ],
    "best_cf_acc": 0.8043478260869565,
    "best_sv_transfer": 0.9112271540469974
  },
  "parity": {
    "grid": [
      [
        0.5565217391304348,
        0.6782608695652174,
        0.6434782608695652,
        0.6695652173913044,
        0.6434782608695652,
        0.6782608695652174,
        0.7043478260869566,
        0.6521739130434783,
        0.6260869565217392,
        0.7217391304347827,
        0.6695652173913044,
        0.6434782608695652,
        0.6956521739130435
      ],
      [
        0.6,
        0.6,
        0.5739130434782609,
        0.591304347826087,
        0.6,
        0.6,
        0.5652173913043478,
        0.5652173913043478,
        0.5652173913043478,
        0.5391304347826087,
        0.4956521739130435,
        0.5217391304347826,
        0.6782608695652174
      ],
      [
        0.6173913043478261,
        0.6086956521739131,
        0.6608695652173913,
        0.6695652173913044,
        0.6782608695652174,
        0.6,
        0.6086956521739131,
        0.6086956521739131,
        0.5478260869565217,
        0.5565217391304348,
        0.6434782608695652,
        0.6434782608695652,
        0.6695652173913044
      ],
      [
        0.6086956521739131,
        0.6347826086956522,
        0.5652173913043478,
        0.5739130434782609,
        0.6086956521739131,
        0.5739130434782609,
        0.5739130434782609,
        0.5478260869565217,
        0.5130434782608696,
        0.5565217391304348,
        0.6260869565217392,
        0.6173913043478261,
        0.6695652173913044
      ],
      [
        0.5826086956521739,
        0.6521739130434783,
        0.6521739130434783,
        0.6695652173913044,
        0.6608695652173913,
        0.5826086956521739,
        0.5826086956521739,
        0.6260869565217392,
        0.6173913043478261,
        0.5130434782608696,
        0.6173913043478261,
        0.591304347826087,
        0.6956521739130435
      ],
      [
        0.6260869565217392,
        0.6782608695652174,
        0.591304347826087,
        0.6086956521739131,
        0.6608695652173913,
        0.6260869565217392,
        0.6086956521739131,
        0.5739130434782609,
        0.5043478260869565,
        0.5478260869565217,
        0.6347826086956522,
        0.591304347826087,
        0.7217391304347827
      ]
    ],
    "best_cell": [
      0,
      9
    ],
    "best_acc": 0.7217391304347827,
    "majority_baseline": 0.5039164490861618,
    "n_per_class": [
      190,
      193
    ]
  },