{
  "shape": [
    1000,
    6,
    13,
    768
  ],
  "baseline": 0.9340836012861736,
  "n_faithful": 581,
  "n_unfaithful": 41,
  "n_train": 435,
  "n_test": 187,
  "train_acc": [
    [
      1.0,
      1.0,
      1.0,
      1.0,
      1.0,
      1.0,
      1.0,
      1.0,
      1.0,
      1.0,
      1.0,
      1.0,
      1.0
    ],
    [
      0.9655172413793104,
      1.0,
      1.0,
      1.0,
      1.0,
      1.0,
      1.0,
      1.0,
      1.0,
      1.0,
      1.0,
      1.0,
      1.0
    ],
    [
      0.9954022988505747,
      1.0,
      1.0,
      1.0,
      1.0,
      1.0,
      1.0,
      1.0,
      1.0,
      1.0,
      1.0,
      1.0,
      1.0
    ],
    [
      0.9747126436781609,
      1.0,
      1.0,
      1.0,
      1.0,
      1.0,
      1.0,
      1.0,
      1.0,
      1.0,
      1.0,
      1.0,
      1.0
    ],
    [
      0.9977011494252873,
      1.0,
      1.0,
      1.0,
      1.0,
      1.0,
      1.0,
      1.0,
      1.0,
      1.0,
      1.0,
      1.0,
      1.0
    ],
    [
      0.9793103448275862,
      1.0,
      1.0,
      1.0,
      1.0,
      1.0,
      1.0,
      1.0,
      1.0,
      1.0,
      1.0,
      1.0,
      1.0
    ]
  ],
  "test_acc": [
    [
      0.8342245989304813,
      0.893048128342246,
      0.8823529411764706,
      0.8663101604278075,
      0.8716577540106952,
      0.8716577540106952,
      0.8770053475935828,
      0.893048128342246,
      0.9251336898395722,
      0.8877005347593583,
      0.9144385026737968,
      0.8823529411764706,
      0.8877005347593583
    ],
    [
      0.8502673796791443,
      0.8823529411764706,
      0.8823529411764706,
      0.8502673796791443,
      0.8502673796791443,
      0.8502673796791443,
      0.839572192513369,
      0.8663101604278075,
      0.9037433155080213,
      0.8823529411764706,
      0.8877005347593583,
      0.8877005347593583,
      0.8983957219251337
    ],
    [
      0.8342245989304813,
      0.8502673796791443,
      0.893048128342246,
      0.8823529411764706,
      0.8663101604278075,
      0.8716577540106952,
      0.8770053475935828,
      0.8663101604278075,
      0.8823529411764706,
      0.8609625668449198,
      0.8770053475935828,
      0.8877005347593583,
      0.9090909090909091
    ],
    [
      0.8235294117647058,
      0.8716577540106952,
      0.893048128342246,
      0.8770053475935828,
      0.893048128342246,
      0.8663101604278075,
      0.8663101604278075,
      0.8770053475935828,
      0.9144385026737968,
      0.8877005347593583,
      0.8877005347593583,
      0.893048128342246,
      0.8823529411764706
    ],
    [
      0.839572192513369,
      0.8342245989304813,
      0.8556149732620321,
      0.8556149732620321,
      0.8556149732620321,
      0.8663101604278075,
      0.8716577540106952,
      0.8663101604278075,
      0.8823529411764706,
      0.8663101604278075,
      0.8823529411764706,
      0.893048128342246,
      0.8983957219251337
    ],
    [
      0.8181818181818182,
      0.893048128342246,
      0.8877005347593583,
      0.9090909090909091,
      0.8877005347593583,
      0.8716577540106952,
      0.8770053475935828,
      0.8502673796791443,
      0.9144385026737968,
      0.8877005347593583,
      0.8877005347593583,
      0.8823529411764706,
      0.8770053475935828
    ]
  ],
  "train_auc": [
    [
      1.0,
      1.0,
      1.0,
      1.0,
      1.0,
      1.0,
      1.0,
      1.0,
      1.0,
      1.0,
      1.0,
      1.0,
      1.0
    ],
    [
      0.9976218787158145,
      1.0,
      1.0,
      1.0,
      1.0,
      1.0,
      1.0,
      1.0,
      1.0,
      1.0,
      1.0,
      1.0,
      1.0
    ],
    [
      1.0,
      1.0,
      1.0,
      1.0,
      1.0,
      1.0,
      1.0,
      1.0,
      1.0,
      1.0,
      1.0,
      1.0,
      1.0
    ],
    [
      0.9995753354849668,
      1.0,
      1.0,
      1.0,
      1.0,
      1.0,
      1.0,
      1.0,
      1.0,
      1.0,
      1.0,
      1.0,
      1.0
    ],
    [
      1.0,
      1.0,
      1.0,
      1.0,
      1.0,
      1.0,
      1.0,
      1.0,
      1.0,
      1.0,
      1.0,
      1.0,
      1.0
    ],
    [
      0.9997452012909801,
      1.0,
      1.0,
      1.0,
      1.0,
      1.0,
      1.0,
      1.0,
      1.0,
      1.0,
      1.0,
      1.0,
      1.0
    ]
  ],
  "test_auc": [
    [
      0.4938095238095238,
      0.5599999999999999,
      0.5876190476190476,
      0.6157142857142857,
      0.5976190476190476,
      0.62,
      0.6171428571428572,
      0.6871428571428572,
      0.7304761904761905,
      0.6842857142857143,
      0.6966666666666667,
      0.6714285714285715,
      0.7257142857142858
    ],
    [
      0.6133333333333334,
      0.6633333333333333,
      0.6152380952380953,
      0.6638095238095237,
      0.6947619047619048,
      0.7100000000000001,
      0.6233333333333333,
      0.6433333333333332,
      0.731904761904762,
      0.5938095238095238,
      0.6533333333333333,
      0.6642857142857144,
      0.6157142857142858
    ],
    [
      0.48619047619047623,
      0.4885714285714286,
      0.45761904761904765,
      0.46095238095238095,
      0.46476190476190476,
      0.45285714285714285,
      0.5095238095238095,
      0.5833333333333333,
      0.6885714285714286,
      0.6623809523809523,
      0.7061904761904763,
      0.7180952380952381,
      0.7385714285714285
    ],
    [
      0.5385714285714286,
      0.7138095238095239,
      0.6652380952380952,
      0.6976190476190476,
      0.6161904761904761,
      0.6761904761904761,
      0.6328571428571429,
      0.6723809523809524,
      0.7066666666666666,
      0.6376190476190476,
      0.7380952380952381,
      0.7638095238095238,
      0.6466666666666667
    ],
    [
      0.4647619047619047,
      0.3942857142857143,
      0.3680952380952381,
      0.41,
      0.4476190476190476,
      0.40285714285714286,
      0.4704761904761905,
      0.5004761904761905,
      0.6228571428571428,
      0.599047619047619,
      0.6109523809523809,
      0.6728571428571429,
      0.6933333333333334
    ],
    [
      0.5390476190476191,
      0.7276190476190475,
      0.6914285714285714,
      0.6847619047619047,
      0.6095238095238096,
      0.6604761904761904,
      0.618095238095238,
      0.6261904761904762,
      0.6761904761904761,
      0.65,
      0.7604761904761904,
      0.770952380952381,
      0.6542857142857144
    ]
  ],