{
  "N": 1319,
  "shape": [
    1319,
    6,
    13,
    768
  ],
  "proj_mean_layer_step": [
    [
      15.610655784606934,
      7.728120803833008,
      15.006486892700195,
      9.06119155883789,
      15.48891544342041,
      9.839912414550781
    ],
    [
      13.561406135559082,
      3.940441608428955,
      12.928471565246582,
      4.2439775466918945,
      13.292034149169922,
      4.881745338439941
    ],
    [
      9.081816673278809,
      2.1764771938323975,
      8.789772033691406,
      2.22186541557312,
      9.035940170288086,
      2.7366943359375
    ],
    [
      6.044349670410156,
      1.1576921939849854,
      5.066956520080566,
      0.1344330608844757,
      5.241148471832275,
      0.6468291878700256
    ],
    [
      2.7209527492523193,
      0.46737322211265564,
      1.0675185918807983,
      -0.8142004013061523,
      0.5400419235229492,
      -0.42054301500320435
    ],
    [
      0.35647138953208923,
      -0.2679305970668793,
      -3.363736152648926,
      -2.642655849456787,
      -5.175825119018555,
      -2.4256017208099365
    ],
    [
      -3.1842737197875977,
      -1.029843807220459,
      -9.311266899108887,
      -4.007042407989502,
      -11.222782135009766,
      -3.7276155948638916
    ],
    [
      -6.2003092765808105,
      -2.204774856567383,
      -15.342351913452148,
      -5.399011611938477,
      -17.029752731323242,
      -4.884776592254639
    ],
    [
      -12.568294525146484,
      -4.118897438049316,
      -21.760644912719727,
      -6.167517185211182,
      -22.275495529174805,
      -5.467013835906982
    ],
    [
      -13.281143188476562,
      -2.4755847454071045,
      -24.518674850463867,
      -5.222146511077881,
      -25.8158016204834,
      -4.797924041748047
    ],
    [
      -15.166299819946289,
      0.820421040058136,
      -27.712448120117188,
      -1.0528372526168823,
      -26.916767120361328,
      0.104865662753582
    ],
    [
      -23.155115127563477,
      -0.9841392040252686,
      -28.833595275878906,
      2.247844696044922,
      -27.65315818786621,
      4.110395908355713
    ],
    [
      -20.215232849121094,
      -10.219024658203125,
      -16.259675979614258,
      -8.214266777038574,
      -13.995062828063965,
      -6.685928821563721
    ]
  ],
  "rank_median_layer_step": [
    [
      12996.0,
      1534.0,
      14303.0,
      2435.0,
      14050.0,
      2318.0
    ],
    [
      1085.0,
      820.0,
      1045.0,
      955.0,
      1061.0,
      933.0
    ],
    [
      872.0,
      674.0,
      843.0,
      834.0,
      890.0,
      789.0
    ],
    [
      868.0,
      657.0,
      820.0,
      782.0,
      858.0,
      748.0
    ],
    [
      913.0,
      632.0,
      896.0,
      763.0,
      897.0,
      721.0
    ],
    [
      971.0,
      701.0,
      948.0,
      848.0,
      966.0,
      805.0
    ],
    [
      914.0,
      664.0,
      1002.0,
      829.0,
      1003.0,
      799.0
    ],
    [
      999.0,
      700.0,
      1129.0,
      797.0,
      1153.0,
      768.0
    ],
    [
      1050.0,
      684.0,
      1148.0,
      751.0,
      1122.0,
      773.0
    ],
    [
      906.0,
      554.0,
      1073.0,
      604.0,
      1077.0,
      576.0
    ],
    [
      900.0,
      554.0,
      1086.0,
      536.0,
      995.0,
      504.0
    ],
    [
      840.0,
      583.0,
      981.0,
      482.0,
      897.0,
      484.0
    ],
    [
      2924.0,
      977.0,
      4525.0,
      502.0,
      4194.0,
      400.0
    ]
  ],
  "rank_mean_layer_step": [
    [
      16662.39453125,
      5572.46533203125,
      17604.92578125,
      6601.7763671875,
      17306.7890625,
      6396.65869140625
    ],
    [
      3289.137939453125,
      3679.66796875,
      3301.1455078125,
      3855.827880859375,
      3123.255615234375,
      3886.760498046875
    ],
    [
      2938.752197265625,
      3251.653564453125,
      2904.141845703125,
      3367.778564453125,
      2746.4375,
      3382.992431640625
    ],
    [
      2928.6572265625,
      3095.580810546875,
      2964.154541015625,
      3232.758056640625,
      2792.0576171875,
      3217.911376953125
    ],
    [
      3231.602783203125,
      3123.10009765625,
      3273.368408203125,
      3237.7626953125,
      3160.554931640625,
      3206.136474609375
    ],
    [
      3360.753662109375,
      3354.87646484375,
      3448.875,
      3511.79150390625,
      3419.892333984375,
      3476.623291015625
    ],
    [
      3351.12060546875,
      3225.882568359375,
      3698.46630859375,
      3461.385986328125,
      3638.137939453125,
      3444.95068359375
    ],
    [
      3524.761962890625,
      3299.007568359375,
      4264.45947265625,
      3409.630126953125,
      4208.53076171875,
      3374.3564453125
    ],
    [
      3703.15625,
      3238.7626953125,
      4538.06591796875,
      3170.247802734375,
      4354.212890625,
      3123.72998046875
    ],
    [
      3501.73388671875,
      2820.785400390625,
      4521.5908203125,
      2607.953857421875,
      4326.376953125,
      2560.7255859375
    ],
    [
      3312.819580078125,
      3106.4033203125,
      4283.55322265625,
      2584.667236328125,
      4051.64892578125,
      2480.545166015625
    ],
    [
      3166.322265625,
      3215.833251953125,
      3768.453369140625,
      2595.06298828125,
      3575.34716796875,
      2542.14404296875
    ],
    [
      5553.17529296875,
      4826.54443359375,
      7269.49365234375,
      3682.9794921875,
      6682.9482421875,
      3525.03564453125
    ]
  ],
  "frac_top1_layer_step": [
    [
      0.0,
      0.0,
      0.0,
      0.0,
      0.0,
      0.0
    ],
    [
      0.0,
      0.0,
      0.0,
      0.0,
      0.0,
      0.0
    ],
    [
      0.0,
      0.0,
      0.0,
      0.0,
      0.0,
      0.0
    ],
    [
      0.0,
      0.0,
      0.0,
      0.0,
      0.0,
      0.0
    ],
    [
      0.0,
      0.0,
      0.0,
      0.0,
      0.0,
      0.0
    ],
    [
      0.0,
      0.0,
      0.0,
      0.0,
      0.0,
      0.0
    ],
    [
      0.0,
      0.0,
      0.0,
      0.0,
      0.0,
      0.0
    ],
    [
      0.0,
      0.0,
      0.0,
      0.0,
      0.0,
      0.0
    ],
    [
      0.0,
      0.0,
      0.0,
      0.0,
      0.0,
      0.0
    ],
    [
      0.0,
      0.0075815011372251705,
      0.0,
      0.0037907505686125853,
      0.0,
      0.002274450341167551
    ],
    [
      0.0,
      0.009855951478392721,
      0.0,
      0.00530705079605762,
      0.0,
      0.004548900682335102
    ],
    [
      0.0,
      0.0075815011372251705,
      0.0,
      0.006065200909780136,
      0.0,
      0.0075815011372251705
    ],
    [
      0.0,
      0.013646702047005308,
      0.0,
      0.017437452615617893,
      0.0,
      0.01819560272934041
    ]
  ],