{
  "units_digit_acc": [
    [
      0.1550000011920929,
      0.1550000011920929,
      0.1550000011920929,
      0.19499999284744263,
      0.15000000596046448,
      0.1599999964237213
    ],
    [
      0.2150000035762787,
      0.12999999523162842,
      0.20000000298023224,
      0.1599999964237213,
      0.17000000178813934,
      0.17000000178813934
    ],
    [
      0.25,
      0.12999999523162842,
      0.1599999964237213,
      0.15000000596046448,
      0.1599999964237213,
      0.12999999523162842
    ],
    [
      0.25999999046325684,
      0.13500000536441803,
      0.1599999964237213,
      0.14499999582767487,
      0.14499999582767487,
      0.15000000596046448
    ],
    [
      0.25,
      0.1599999964237213,
      0.13500000536441803,
      0.1550000011920929,
      0.14000000059604645,
      0.15000000596046448
    ],
    [
      0.23999999463558197,
      0.1599999964237213,
      0.12999999523162842,
      0.13500000536441803,
      0.14499999582767487,
      0.17000000178813934
    ],
    [
      0.23999999463558197,
      0.14000000059604645,
      0.11999999731779099,
      0.18000000715255737,
      0.13500000536441803,
      0.16500000655651093
    ],
    [
      0.2150000035762787,
      0.15000000596046448,
      0.11500000208616257,
      0.16500000655651093,
      0.16500000655651093,
      0.1550000011920929
    ],
    [
      0.1550000011920929,
      0.20499999821186066,
      0.15000000596046448,
      0.15000000596046448,
      0.15000000596046448,
      0.17499999701976776
    ],
    [
      0.15000000596046448,
      0.125,
      0.15000000596046448,
      0.14499999582767487,
      0.10499999672174454,
      0.15000000596046448
    ],
    [
      0.1899999976158142,
      0.15000000596046448,
      0.13500000536441803,
      0.13500000536441803,
      0.11999999731779099,
      0.13500000536441803
    ],
    [
      0.1899999976158142,
      0.13500000536441803,
      0.1599999964237213,
      0.14499999582767487,
      0.15000000596046448,
      0.12999999523162842
    ],
    [
      0.20999999344348907,
      0.1850000023841858,
      0.1599999964237213,
      0.18000000715255737,
      0.17000000178813934,
      0.17499999701976776
    ]
  ],
  "tens_digit_acc": [
    [
      0.35499998927116394,
      0.35499998927116394,
      0.4000000059604645,
      0.35499998927116394,
      0.38499999046325684,
      0.3400000035762787
    ],
    [
      0.3400000035762787,
      0.3449999988079071,
      0.375,
      0.3449999988079071,
      0.4000000059604645,
      0.36000001430511475
    ],
    [
      0.3400000035762787,
      0.35499998927116394,
      0.3700000047683716,
      0.3799999952316284,
      0.39500001072883606,
      0.4050000011920929
    ],
    [
      0.33500000834465027,
      0.3700000047683716,
      0.35499998927116394,
      0.3499999940395355,
      0.4050000011920929,
      0.36500000953674316
    ],
    [
      0.3499999940395355,
      0.3449999988079071,
      0.3400000035762787,
      0.3400000035762787,
      0.36500000953674316,
      0.375
    ],
    [
      0.3499999940395355,
      0.375,
      0.3449999988079071,
      0.3799999952316284,
      0.3499999940395355,
      0.4099999964237213
    ],
    [
      0.33000001311302185,
      0.3499999940395355,
      0.36000001430511475,
      0.3400000035762787,
      0.35499998927116394,
      0.3700000047683716
    ],
    [
      0.35499998927116394,
      0.35499998927116394,
      0.36500000953674316,
      0.42500001192092896,
      0.38999998569488525,
      0.38999998569488525
    ],
    [
      0.39500001072883606,
      0.4099999964237213,
      0.3799999952316284,
      0.4099999964237213,
      0.3799999952316284,
      0.38999998569488525
    ],
    [
      0.4399999976158142,
      0.45500001311302185,
      0.41499999165534973,
      0.41499999165534973,
      0.4000000059604645,
      0.4050000011920929
    ],
    [
      0.42500001192092896,
      0.38999998569488525,
      0.375,
      0.4050000011920929,
      0.36500000953674316,
      0.36500000953674316
    ],
    [
      0.4350000023841858,
      0.39500001072883606,
      0.38499999046325684,
      0.4000000059604645,
      0.3799999952316284,
      0.38999998569488525
    ],
    [
      0.4350000023841858,
      0.38499999046325684,
      0.3799999952316284,
      0.4350000023841858,
      0.38999998569488525,
      0.44999998807907104
    ]
  ],
  "operator_acc": [
    [
      0.6449999809265137,
      0.8349999785423279,
      0.6050000190734863,
      0.8199999928474426,
      0.5899999737739563,
      0.8399999737739563
    ],
    [
      0.6549999713897705,
      0.8550000190734863,
      0.6700000166893005,
      0.7950000166893005,
      0.6549999713897705,
      0.824999988079071
    ],
    [
      0.6650000214576721,
      0.8500000238418579,
      0.6800000071525574,
      0.8149999976158142,
      0.6899999976158142,
      0.8550000190734863
    ],
    [
      0.675000011920929,
      0.8650000095367432,
      0.6850000023841858,
      0.8100000023841858,
      0.6600000262260437,
      0.8349999785423279
    ],
    [
      0.6800000071525574,
      0.8550000190734863,
      0.6800000071525574,
      0.8299999833106995,
      0.6549999713897705,
      0.8299999833106995
    ],
    [
      0.6850000023841858,
      0.8650000095367432,
      0.7250000238418579,
      0.824999988079071,
      0.6949999928474426,
      0.8500000238418579
    ],
    [
      0.7099999785423279,
      0.8849999904632568,
      0.7549999952316284,
      0.8600000143051147,
      0.7300000190734863,
      0.8500000238418579
    ],
    [
      0.7950000166893005,
      0.8799999952316284,
      0.7850000262260437,
      0.8650000095367432,
      0.800000011920929,
      0.8849999904632568
    ],
    [
      0.8600000143051147,
      0.9049999713897705,
      0.8149999976158142,
      0.8899999856948853,
      0.8199999928474426,
      0.8899999856948853
    ],
    [
      0.8999999761581421,
      0.8550000190734863,
      0.8799999952316284,
      0.8500000238418579,
      0.8849999904632568,
      0.8650000095367432
    ],
    [
      0.8949999809265137,
      0.8050000071525574,
      0.8999999761581421,
      0.8399999737739563,
      0.9049999713897705,
      0.8450000286102295
    ],
    [
      0.8999999761581421,
      0.8100000023841858,
      0.8949999809265137,
      0.8149999976158142,
      0.8999999761581421,
      0.8050000071525574
    ],
    [
      0.9100000262260437,
      0.75,
      0.9049999713897705,
      0.7749999761581421,
      0.8949999809265137,
      0.7749999761581421
    ]
  ],
  "operator_classes": [
    "Addition",
    "Common-Division",
    "Multiplication",
    "Subtraction"
  ]
}