{
  "units_digit_acc": [
    [
      0.28409090638160706,
      0.3181818127632141,
      0.31439393758773804,
      0.28787878155708313,
      0.3068181872367859,
      0.344696968793869
    ],
    [
      0.29924243688583374,
      0.3219696879386902,
      0.2765151560306549,
      0.344696968793869,
      0.3219696879386902,
      0.38257575035095215
    ],
    [
      0.3219696879386902,
      0.3068181872367859,
      0.31439393758773804,
      0.3333333432674408,
      0.31060606241226196,
      0.344696968793869
    ],
    [
      0.31060606241226196,
      0.3181818127632141,
      0.3181818127632141,
      0.32575756311416626,
      0.280303031206131,
      0.3333333432674408
    ],
    [
      0.31439393758773804,
      0.3219696879386902,
      0.3030303120613098,
      0.3068181872367859,
      0.31060606241226196,
      0.34090909361839294
    ],
    [
      0.28409090638160706,
      0.33712121844291687,
      0.3030303120613098,
      0.32575756311416626,
      0.3181818127632141,
      0.3219696879386902
    ],
    [
      0.2765151560306549,
      0.31439393758773804,
      0.29924243688583374,
      0.34090909361839294,
      0.31439393758773804,
      0.31060606241226196
    ],
    [
      0.2954545319080353,
      0.29924243688583374,
      0.28787878155708313,
      0.280303031206131,
      0.32575756311416626,
      0.32575756311416626
    ],
    [
      0.2916666567325592,
      0.3181818127632141,
      0.2916666567325592,
      0.28409090638160706,
      0.3219696879386902,
      0.31060606241226196
    ],
    [
      0.280303031206131,
      0.26893940567970276,
      0.2916666567325592,
      0.3030303120613098,
      0.34090909361839294,
      0.3181818127632141
    ],
    [
      0.34090909361839294,
      0.26893940567970276,
      0.31060606241226196,
      0.3030303120613098,
      0.31060606241226196,
      0.28787878155708313
    ],
    [
      0.28787878155708313,
      0.28787878155708313,
      0.33712121844291687,
      0.33712121844291687,
      0.344696968793869,
      0.3181818127632141
    ],
    [
      0.32575756311416626,
      0.2765151560306549,
      0.29924243688583374,
      0.29924243688583374,
      0.3219696879386902,
      0.3068181872367859
    ]
  ],
  "tens_digit_acc": [
    [
      0.18560606241226196,
      0.20454545319080353,
      0.24621212482452393,
      0.2083333283662796,
      0.20454545319080353,
      0.2234848439693451
    ],
    [
      0.17803029716014862,
      0.20454545319080353,
      0.1818181872367859,
      0.17803029716014862,
      0.21212121844291687,
      0.21212121844291687
    ],
    [
      0.21969696879386902,
      0.20075757801532745,
      0.18939393758773804,
      0.1666666716337204,
      0.20454545319080353,
      0.23863635957241058
    ],
    [
      0.21969696879386902,
      0.1818181872367859,
      0.23106060922145844,
      0.17424242198467255,
      0.25,
      0.2234848439693451
    ],
    [
      0.21212121844291687,
      0.18939393758773804,
      0.2234848439693451,
      0.17045454680919647,
      0.2234848439693451,
      0.23863635957241058
    ],
    [
      0.20454545319080353,
      0.18939393758773804,
      0.23106060922145844,
      0.19696970283985138,
      0.2234848439693451,
      0.23106060922145844
    ],
    [
      0.21590909361839294,
      0.18560606241226196,
      0.1931818127632141,
      0.20075757801532745,
      0.22727273404598236,
      0.21590909361839294
    ],
    [
      0.21969696879386902,
      0.17045454680919647,
      0.21212121844291687,
      0.24242424964904785,
      0.2348484843969345,
      0.25
    ],
    [
      0.20075757801532745,
      0.21590909361839294,
      0.2348484843969345,
      0.26893940567970276,
      0.25757575035095215,
      0.25757575035095215
    ],
    [
      0.20454545319080353,
      0.20075757801532745,
      0.18560606241226196,
      0.2234848439693451,
      0.24621212482452393,
      0.23863635957241058
    ],
    [
      0.22727273404598236,
      0.2234848439693451,
      0.1931818127632141,
      0.23863635957241058,
      0.24242424964904785,
      0.21590909361839294
    ],
    [
      0.21969696879386902,
      0.2537878751754761,
      0.19696970283985138,
      0.23106060922145844,
      0.23863635957241058,
      0.2537878751754761
    ],
    [
      0.26893940567970276,
      0.24242424964904785,
      0.21590909361839294,
      0.25757575035095215,
      0.27272728085517883,
      0.21969696879386902
    ]
  ],
  "operator_acc": [
    [
      0.5265151262283325,
      0.5719696879386902,
      0.4583333432674408,
      0.564393937587738,
      0.48106059432029724,
      0.5340909361839294
    ],
    [
      0.5303030014038086,
      0.5416666865348816,
      0.41287878155708313,
      0.4848484992980957,
      0.4431818127632141,
      0.469696968793869
    ],
    [
      0.5568181872367859,
      0.5113636255264282,
      0.45075756311416626,
      0.4962121248245239,
      0.4545454680919647,
      0.4962121248245239
    ],
    [
      0.5340909361839294,
      0.5454545617103577,
      0.4886363744735718,
      0.5378788113594055,
      0.46212121844291687,
      0.5151515007019043
    ],
    [
      0.5227272510528564,
      0.5454545617103577,
      0.4583333432674408,
      0.4886363744735718,
      0.4848484992980957,
      0.5037878751754761
    ],
    [
      0.5265151262283325,
      0.5492424368858337,
      0.47727271914482117,
      0.5151515007019043,
      0.5378788113594055,
      0.5303030014038086
    ],
    [
      0.5227272510528564,
      0.5340909361839294,
      0.5037878751754761,
      0.4848484992980957,
      0.5416666865348816,
      0.5265151262283325
    ],
    [
      0.5795454382896423,
      0.5530303120613098,
      0.5340909361839294,
      0.5378788113594055,
      0.5719696879386902,
      0.5037878751754761
    ],
    [
      0.5530303120613098,
      0.5416666865348816,
      0.5151515007019043,
      0.5416666865348816,
      0.5454545617103577,
      0.5378788113594055
    ],
    [
      0.5757575631141663,
      0.5265151262283325,
      0.5378788113594055,
      0.5151515007019043,
      0.5037878751754761,
      0.5189393758773804
    ],
    [
      0.5719696879386902,
      0.5416666865348816,
      0.47727271914482117,
      0.5037878751754761,
      0.5075757503509521,
      0.5
    ],
    [
      0.5833333134651184,
      0.5037878751754761,
      0.49242424964904785,
      0.5416666865348816,
      0.49242424964904785,
      0.4545454680919647
    ],
    [
      0.5492424368858337,
      0.5151515007019043,
      0.5151515007019043,
      0.4583333432674408,
      0.47727271914482117,
      0.43560606241226196
    ]
  ],
  "operator_classes": [
    "Addition",
    "Common-Division",
    "Multiplication",
    "Subtraction",
    "unknown"
  ]
}