{
  "N": 1000,
  "shape": [
    1000,
    6,
    13,
    768
  ],
  "proj_mean_layer_step": [
    [
      15.145073890686035,
      6.376283168792725,
      11.863104820251465,
      6.750816822052002,
      11.684049606323242,
      6.958444595336914
    ],
    [
      15.334328651428223,
      4.036755561828613,
      11.841730117797852,
      4.4803786277771,
      11.23865032196045,
      4.496916770935059
    ],
    [
      12.193863868713379,
      3.3446044921875,
      9.665607452392578,
      3.5029444694519043,
      9.242673873901367,
      3.5153958797454834
    ],
    [
      10.179418563842773,
      2.504345655441284,
      7.812259197235107,
      2.526683807373047,
      7.312844276428223,
      2.5009238719940186
    ],
    [
      7.553897857666016,
      1.759004831314087,
      5.227667331695557,
      1.5236611366271973,
      4.643671989440918,
      1.4192339181900024
    ],
    [
      5.328369140625,
      0.4211067259311676,
      2.3815927505493164,
      -0.3213216960430145,
      1.2498157024383545,
      -0.6473957300186157
    ],
    [
      2.9070069789886475,
      -0.0956532433629036,
      -0.5163384675979614,
      -0.999064564704895,
      -1.660340428352356,
      -1.4019142389297485
    ],
    [
      -1.0830758810043335,
      -2.903715133666992,
      -4.07078218460083,
      -3.4318244457244873,
      -5.189396858215332,
      -3.7337095737457275
    ],
    [
      -7.678610801696777,
      -6.696601390838623,
      -8.246685981750488,
      -7.003299236297607,
      -9.01090145111084,
      -7.107290267944336
    ],
    [
      -9.163572311401367,
      -6.610093593597412,
      -9.202559471130371,
      -7.300603866577148,
      -9.750866889953613,
      -7.367382049560547
    ],
    [
      -17.58962631225586,
      -2.257272243499756,
      -13.550039291381836,
      -2.73528790473938,
      -12.586748123168945,
      -2.6972081661224365
    ],
    [
      -26.344175338745117,
      7.752866744995117,
      -16.496862411499023,
      7.296969413757324,
      -14.23960018157959,
      7.333390712738037
    ],
    [
      -24.897388458251953,
      -11.623893737792969,
      -21.559165954589844,
      -12.385527610778809,
      -21.14518165588379,
      -12.297786712646484
    ]
  ],
  "rank_median_layer_step": [
    [
      16237.0,
      6725.5,
      19007.5,
      7916.5,
      18555.5,
      8338.5
    ],
    [
      716.5,
      1151.5,
      1021.5,
      1181.0,
      1056.5,
      1213.0
    ],
    [
      564.0,
      674.5,
      636.0,
      722.5,
      660.5,
      724.5
    ],
    [
      518.5,
      599.5,
      553.0,
      582.5,
      558.0,
      579.5
    ],
    [
      577.5,
      558.5,
      615.0,
      585.0,
      616.0,
      586.0
    ],
    [
      604.0,
      564.5,
      620.5,
      604.5,
      636.0,
      623.5
    ],
    [
      572.0,
      526.5,
      580.5,
      531.5,
      604.5,
      552.5
    ],
    [
      612.5,
      700.0,
      719.0,
      740.0,
      773.0,
      765.0
    ],
    [
      783.5,
      1234.0,
      976.0,
      1230.0,
      1094.5,
      1234.0
    ],
    [
      735.5,
      824.5,
      761.5,
      753.5,
      741.0,
      740.5
    ],
    [
      820.5,
      612.5,
      720.5,
      548.0,
      686.0,
      512.5
    ],
    [
      733.0,
      354.5,
      571.0,
      348.0,
      549.0,
      349.0
    ],
    [
      5266.0,
      1415.5,
      5457.5,
      1531.5,
      5005.5,
      1506.5
    ]
  ],
  "rank_mean_layer_step": [
    [
      19474.822265625,
      12070.107421875,
      22261.263671875,
      12641.5751953125,
      21509.37109375,
      12813.4833984375
    ],
    [
      3607.443115234375,
      6033.7177734375,
      4820.18310546875,
      6084.4931640625,
      4979.037109375,
      6135.25
    ],
    [
      3002.22900390625,
      4565.98779296875,
      3678.14892578125,
      4580.80908203125,
      3702.873046875,
      4592.0048828125
    ],
    [
      2716.02197265625,
      4033.8330078125,
      3238.27490234375,
      3990.487060546875,
      3252.68603515625,
      3983.8359375
    ],
    [
      2791.02587890625,
      3645.837890625,
      3195.552001953125,
      3618.97412109375,
      3196.81201171875,
      3616.861083984375
    ],
    [
      2850.72412109375,
      3730.64794921875,
      3196.783935546875,
      3724.138916015625,
      3240.37890625,
      3728.73095703125
    ],
    [
      2760.3349609375,
      3551.422119140625,
      3196.236083984375,
      3536.760986328125,
      3258.87109375,
      3531.095947265625
    ],
    [
      3064.070068359375,
      3941.485107421875,
      3628.423095703125,
      3760.2900390625,
      3694.625,
      3709.26904296875
    ],
    [
      3547.013916015625,
      4817.16015625,
      4185.14697265625,
      4429.6748046875,
      4291.10009765625,
      4278.951171875
    ],
    [
      3321.81494140625,
      3406.301025390625,
      3727.9140625,
      3213.5830078125,
      3732.635986328125,
      3123.837890625
    ],
    [
      3422.592041015625,
      3442.800048828125,
      3519.166015625,
      3129.2509765625,
      3418.94091796875,
      2968.76806640625
    ],
    [
      2980.9619140625,
      2743.866943359375,
      2899.94091796875,
      2546.22509765625,
      2837.132080078125,
      2486.2041015625
    ],
    [
      7904.009765625,
      6294.8408203125,
      8184.68115234375,
      6420.1982421875,
      7820.0400390625,
      6438.31884765625
    ]
  ],
  "frac_top1_layer_step": [
    [
      0.0,
      0.0,
      0.0,
      0.0,
      0.0,
      0.0
    ],
    [
      0.0,
      0.0,
      0.0,
      0.0,
      0.0,
      0.0
    ],
    [
      0.0,
      0.0,
      0.0,
      0.0,
      0.0,
      0.0
    ],
    [
      0.0,
      0.0,
      0.0,
      0.0,
      0.0,
      0.0
    ],
    [
      0.0,
      0.0,
      0.0,
      0.0,
      0.0,
      0.0
    ],
    [
      0.0,
      0.0,
      0.0,
      0.0,
      0.0,
      0.0
    ],
    [
      0.0,
      0.0,
      0.0,
      0.0,
      0.0,
      0.0
    ],
    [
      0.0,
      0.0,
      0.0,
      0.0,
      0.0,
      0.0
    ],
    [
      0.0,
      0.0,
      0.0,
      0.0,
      0.0,
      0.0
    ],
    [
      0.0,
      0.0,
      0.0,
      0.001,
      0.0,
      0.001
    ],
    [
      0.0,
      0.004,
      0.0,
      0.003,
      0.0,
      0.003
    ],
    [
      0.0,
      0.006,
      0.0,
      0.007,
      0.0,
      0.006
    ],
    [
      0.0,
      0.027,
      0.0,
      0.026,
      0.0,
      0.023
    ]
  ],
  "frac_top10_layer_step": [
    [
      0.002,
      0.0,
      0.001,
      0.0,
      0.001,
      0.0
    ],
    [
      0.002,
      0.0,
      0.004,
      0.0,
      0.008,
      0.0
    ],
    [
      0.0,
      0.0,
      0.0,
      0.0,
      0.0,
      0.0
    ],
    [
      0.0,
      0.0,
      0.0,
      0.0,
      0.0,
      0.0
    ],
    [
      0.0,
      0.0,
      0.0,
      0.0,
      0.0,
      0.0
    ],
    [
      0.0,
      0.0,
      0.0,
      0.0,
      0.0,
      0.0
    ],
    [
      0.0,
      0.0,
      0.0,
      0.0,
      0.0,
      0.0
    ],
    [
      0.0,
      0.0,
      0.0,
      0.0,
      0.0,
      0.001
    ],
    [
      0.0,
      0.002,
      0.0,
      0.003,
      0.0,
      0.006
    ],
    [
      0.0,
      0.024,
      0.0,
      0.018,
      0.0,
      0.017
    ],
    [
      0.0,
      0.047,
      0.0,
      0.043,
      0.0,
      0.044
    ],
    [
      0.0,
      0.047,
      0.0,
      0.038,
      0.0,
      0.045
    ],
    [
      0.0,
      0.105,
      0.0,
      0.116,
      0.0,
      0.123
    ]
  ],