{
  "decode_layers": 13,
  "decode_pct_top1_gold_per_layer": [
    0.0,
    0.0,
    0.0,
    0.0,
    0.0,
    0.0,
    0.0,
    0.0,
    0.0,
    0.0,
    0.0,
    0.0,
    0.0
  ],
  "decode_mean_entropy_per_layer": [
    10.626371383666992,
    0.7593579292297363,
    0.5307188630104065,
    0.6166384816169739,
    0.6759863495826721,
    0.6364827752113342,
    0.07611394673585892,
    0.6481356024742126,
    0.5200814008712769,
    0.5077610611915588,
    0.34236037731170654,
    0.1440291553735733,
    0.00030817562947049737
  ],
  "decode_median_rank_gold_per_layer": [
    49950.0,
    659.0,
    829.0,
    745.5,
    902.0,
    877.5,
    935.0,
    2164.0,
    3529.0,
    6464.0,
    9862.0,
    2701.5,
    4898.0
  ],
  "decode_median_rank_cand_per_layer": [
    [
      50035.5,
      545.5,
      628.0,
      575.0,
      669.5,
      688.5,
      769.0,
      1854.5,
      3012.5,
      6006.5,
      9227.5,
      2315.5,
      4872.5
    ],
    [
      49126.0,
      2243.5,
      2172.5,
      2295.0,
      2965.0,
      2955.5,
      2954.5,
      6322.0,
      7918.5,
      10916.5,
      13741.0,
      5905.5,
      6244.5
    ],
    [
      48671.5,
      4119.5,
      4376.5,
      4155.0,
      5106.5,
      4752.0,
      4971.0,
      8870.0,
      9948.5,
      12011.0,
      13346.0,
      7326.5,
      6713.0
    ],
    [
      50211.0,
      107.0,
      157.0,
      159.0,
      203.0,
      232.5,
      300.0,
      743.0,
      1297.5,
      4183.0,
      5779.0,
      931.5,
      4495.0
    ]
  ],
  "candidate_names": [
    "sub (a-b)",
    "add (a+b)",
    "mul (a*b)",
    "div (a/b)"
  ]
}