{
  "K_values": [
    1,
    2,
    3,
    4,
    5,
    6,
    7,
    8,
    10,
    12,
    14,
    16,
    18,
    20
  ],
  "accuracy": {
    "1": 0.37,
    "2": 0.415,
    "3": 0.39,
    "4": 0.375,
    "5": 0.385,
    "6": 0.38,
    "7": 0.375,
    "8": 0.375,
    "10": 0.375,
    "12": 0.375,
    "14": 0.38,
    "16": 0.38,
    "18": 0.38,
    "20": 0.385
  },
  "cos_sim_consec_per_K": {
    "1": [],
    "2": [
      0.546484112739563
    ],
    "3": [
      0.546484112739563,
      0.6091619729995728
    ],
    "4": [
      0.546484112739563,
      0.6091619729995728,
      0.6349149942398071
    ],
    "5": [
      0.546484112739563,
      0.6091619729995728,
      0.6349149942398071,
      0.6564062237739563
    ],
    "6": [
      0.546484112739563,
      0.6091619729995728,
      0.6349149942398071,
      0.6564062237739563,
      0.6710991859436035
    ],
    "7": [
      0.546484112739563,
      0.6091619729995728,
      0.6349149942398071,
      0.6564062237739563,
      0.6710991859436035,
      0.6777501106262207
    ],
    "8": [
      0.546484112739563,
      0.6091619729995728,
      0.6349149942398071,
      0.6564062237739563,
      0.6710991859436035,
      0.6777501106262207,
      0.687776505947113
    ],
    "10": [
      0.546484112739563,
      0.6091619729995728,
      0.6349149942398071,
      0.6564062237739563,
      0.6710991859436035,
      0.6777501106262207,
      0.687776505947113,
      0.6940070986747742,
      0.7023097276687622
    ],
    "12": [
      0.546484112739563,
      0.6091619729995728,
      0.6349149942398071,
      0.6564062237739563,
      0.6710991859436035,
      0.6777501106262207,
      0.687776505947113,
      0.6940070986747742,
      0.7023097276687622,
      0.7047752141952515,
      0.7103437781333923
    ],
    "14": [
      0.546484112739563,
      0.6091619729995728,
      0.6349149942398071,
      0.6564062237739563,
      0.6710991859436035,
      0.6777501106262207,
      0.687776505947113,
      0.6940070986747742,
      0.7023097276687622,
      0.7047752141952515,
      0.7103437781333923,
      0.7150694131851196,
      0.7204979658126831
    ],
    "16": [
      0.546484112739563,
      0.6091619729995728,
      0.6349149942398071,
      0.6564062237739563,
      0.6710991859436035,
      0.6777501106262207,
      0.687776505947113,
      0.6940070986747742,
      0.7023097276687622,
      0.7047752141952515,
      0.7103437781333923,
      0.7150694131851196,
      0.7204979658126831,
      0.7240390181541443,
      0.7278303503990173
    ],
    "18": [
      0.546484112739563,
      0.6091619729995728,
      0.6349149942398071,
      0.6564062237739563,
      0.6710991859436035,
      0.6777501106262207,
      0.687776505947113,
      0.6940070986747742,
      0.7023097276687622,
      0.7047752141952515,
      0.7103437781333923,
      0.7150694131851196,
      0.7204979658126831,
      0.7240390181541443,
      0.7278303503990173,
      0.7340794205665588,
      0.7381152510643005
    ],
    "20": [
      0.546484112739563,
      0.6091619729995728,
      0.6349149942398071,
      0.6564062237739563,
      0.6710991859436035,
      0.6777501106262207,
      0.687776505947113,
      0.6940070986747742,
      0.7023097276687622,
      0.7047752141952515,
      0.7103437781333923,
      0.7150694131851196,
      0.7204979658126831,
      0.7240390181541443,
      0.7278303503990173,
      0.7340794205665588,
      0.7381152510643005,
      0.7433216571807861,
      0.7471699714660645
    ]
  }
}