{
  "model": "llama",
  "K": 6,
  "N": 1000,
  "top1_stability": [
    0.38,
    0.509,
    0.493,
    0.667,
    0.606
  ],
  "cos_sim_consec": [
    0.5495999982655049,
    0.5849521079063416,
    0.5328215198838152,
    0.7354982302188874,
    0.6820638026595116
  ],
  "kl_consec": [
    2.1337870496511457,
    2.0992698607910425,
    2.616134872082621,
    1.19192268634215,
    1.567950179744512
  ],
  "kl_unit": "nats",
  "top1_per_step_examples": [
    [
      9591,
      15,
      374,
      374,
      374,
      374
    ],
    [
      374,
      279,
      279,
      279,
      279,
      279
    ],
    [
      21,
      12,
      374,
      374,
      21,
      374
    ],
    [
      374,
      279,
      279,
      279,
      279,
      279
    ],
    [
      374,
      279,
      279,
      279,
      279,
      279
    ],
    [
      508,
      508,
      374,
      17824,
      17574,
      374
    ],
    [
      374,
      374,
      279,
      279,
      279,
      279
    ],
    [
      374,
      279,
      279,
      279,
      279,
      279
    ],
    [
      279,
      279,
      279,
      279,
      279,
      279
    ],
    [
      279,
      279,
      279,
      279,
      279,
      279
    ],
    [
      4218,
      4218,
      11,
      5332,
      2511,
      2511
    ],
    [
      23,
      87,
      374,
      605,
      605,
      87
    ],
    [
      279,
      279,
      279,
      279,
      279,
      279
    ],
    [
      605,
      605,
      10,
      20,
      10,
      2511
    ],
    [
      279,
      279,
      279,
      279,
      279,
      279
    ],
    [
      6860,
      2511,
      791,
      6860,
      2511,
      2511
    ],
    [
      1419,
      2511,
      397,
      1419,
      1419,
      2511
    ],
    [
      15573,
      28607,
      374,
      3965,
      19633,
      34259
    ],
    [
      279,
      279,
      279,
      279,
      279,
      279
    ],
    [
      21026,
      374,
      374,
      374,
      374,
      374
    ],
    [
      279,
      279,
      279,
      279,
      279,
      279
    ],
    [
      6849,
      6849,
      26,
      25,
      1927,
      10
    ],
    [
      605,
      12,
      374,
      605,
      605,
      12
    ],
    [
      279,
      279,
      279,
      279,
      279,
      279
    ],
    [
      9079,
      16,
      10,
      4364,
      9079,
      10
    ],
    [
      374,
      279,
      279,
      279,
      279,
      279
    ],
    [
      374,
      374,
      374,
      374,
      374,
      279
    ],
    [
      20758,
      279,
      279,
      279,
      279,
      279
    ],
    [
      4278,
      1,
      791,
      4278,
      4278,
      2511
    ],
    [
      605,
      1,
      3604,
      605,
      605,
      2511
    ],
    [
      791,
      975,
      20444,
      605,
      1958,
      2511
    ],
    [
      374,
      279,
      279,
      279,
      279,
      279
    ],
    [
      279,
      279,
      279,
      279,
      279,
      279
    ],
    [
      3391,
      18,
      1193,
      23,
      28,
      28
    ],
    [
      279,
      279,
      279,
      279,
      279,
      279
    ],
    [
      10,
      10,
      12,
      18,
      10,
      10
    ],
    [
      374,
      279,
      279,
      279,
      279,
      279
    ],
    [
      1475,
      1475,
      1475,
      1475,
      1475,
      1475
    ],
    [
      279,
      279,
      279,
      279,
      279,
      279
    ],
    [
      16,
      374,
      374,
      279,
      279,
      279
    ],
    [
      374,
      374,
      279,
      279,
      279,
      279
    ],
    [
      279,
      279,
      279,
      279,
      279,
      279
    ],
    [
      1032,
      1313,
      303,
      2618,
      10,
      10
    ],
    [
      279,
      279,
      279,
      279,
      279,
      279
    ],
    [
      1820,
      279,
      279,
      279,
      279,
      279
    ],
    [
      279,
      279,
      279,
      279,
      279,
      279
    ],
    [
      17,
      17,
      303,
      220,
      16,
      17
    ],
    [
      21,
      2511,
      791,
      21,
      21,
      2511
    ],
    [
      1032,
      2511,
      791,
      1032,
      1032,
      2511
    ],
    [
      279,
      279,
      279,
      279,
      279,
      279
    ]
  ],