{
  "model": "gpt2",
  "K": 6,
  "N": 1000,
  "top1_stability": [
    0.147,
    0.156,
    0.232,
    0.24,
    0.258
  ],
  "cos_sim_consec": [
    0.17335602734051644,
    0.19394487999938428,
    0.2563621987970546,
    0.27277520884247497,
    0.28942987153609284
  ],
  "kl_consec": [
    8.03056476020813,
    9.371754829406738,
    7.359587553024292,
    8.677096250534058,
    7.300994835853577
  ],
  "kl_unit": "nats",
  "top1_per_step_examples": [
    [
      14,
      180,
      14,
      2157,
      13,
      180
    ],
    [
      464,
      4658,
      464,
      464,
      464,
      464
    ],
    [
      12,
      657,
      12,
      657,
      12,
      657
    ],
    [
      12,
      214,
      14,
      180,
      4211,
      180
    ],
    [
      464,
      11605,
      464,
      464,
      464,
      30
    ],
    [
      30,
      27970,
      30,
      5227,
      30,
      29807
    ],
    [
      12,
      694,
      30,
      251,
      8,
      2425
    ],
    [
      464,
      7985,
      10161,
      10161,
      10161,
      10161
    ],
    [
      464,
      74,
      464,
      464,
      464,
      464
    ],
    [
      464,
      464,
      464,
      464,
      464,
      464
    ],
    [
      3548,
      4761,
      30,
      7724,
      30,
      3104
    ],
    [
      10,
      1731,
      4211,
      1111,
      4211,
      1111
    ],
    [
      464,
      38815,
      464,
      464,
      464,
      464
    ],
    [
      10,
      3721,
      11002,
      2642,
      11002,
      35418
    ],
    [
      464,
      464,
      464,
      464,
      464,
      464
    ],
    [
      13,
      15187,
      28,
      15187,
      28,
      15187
    ],
    [
      10,
      2242,
      1,
      2242,
      1,
      2242
    ],
    [
      12,
      1899,
      4211,
      620,
      4211,
      620
    ],
    [
      14,
      4051,
      13,
      4051,
      13,
      4051
    ],
    [
      464,
      210,
      464,
      20,
      44095,
      20
    ],
    [
      27480,
      201,
      4211,
      178,
      4372,
      191
    ],
    [
      12,
      657,
      4211,
      15,
      50256,
      15
    ],
    [
      464,
      1415,
      4211,
      265,
      4211,
      265
    ],
    [
      464,
      85,
      464,
      12,
      12,
      464
    ],
    [
      12,
      14686,
      486,
      1105,
      3104,
      1105
    ],
    [
      464,
      464,
      464,
      464,
      464,
      464
    ],
    [
      464,
      25078,
      464,
      464,
      464,
      464
    ],
    [
      1,
      36173,
      464,
      178,
      464,
      184
    ],
    [
      1,
      15377,
      17,
      15377,
      17,
      15377
    ],
    [
      464,
      20,
      4211,
      20,
      4211,
      20
    ],
    [
      30,
      21,
      4211,
      124,
      18378,
      124
    ],
    [
      464,
      464,
      464,
      464,
      464,
      464
    ],
    [
      464,
      29372,
      464,
      464,
      464,
      464
    ],
    [
      12,
      13271,
      50256,
      20506,
      4211,
      13271
    ],
    [
      464,
      464,
      464,
      464,
      464,
      464
    ],
    [
      12,
      198,
      12,
      9,
      12,
      9
    ],
    [
      464,
      464,
      464,
      464,
      464,
      464
    ],
    [
      464,
      566,
      464,
      464,
      464,
      464
    ],
    [
      464,
      464,
      464,
      464,
      464,
      464
    ],
    [
      10,
      7863,
      13,
      7863,
      14,
      5698
    ],
    [
      290,
      1129,
      1,
      1129,
      1,
      1129
    ],
    [
      464,
      3792,
      464,
      464,
      464,
      464
    ],
    [
      0,
      2534,
      0,
      2534,
      0,
      2534
    ],
    [
      464,
      42508,
      464,
      30,
      464,
      30
    ],
    [
      198,
      45519,
      198,
      32182,
      198,
      32182
    ],
    [
      30,
      1924,
      4211,
      1924,
      4211,
      1924
    ],
    [
      4211,
      1511,
      4211,
      21075,
      198,
      12028
    ],
    [
      4211,
      21,
      4211,
      21,
      4211,
      21
    ],
    [
      11,
      1511,
      1,
      1511,
      1,
      1511
    ],
    [
      464,
      464,
      464,
      464,
      464,
      464
    ]
  ],