{
  "shape": [
    1000,
    13,
    768
  ],
  "ops": [
    "Addition",
    "Subtraction",
    "Multiplication",
    "Common-Division"
  ],
  "baseline": 0.531,
  "train_acc": [
    0.53625,
    0.985,
    0.97875,
    0.97,
    0.96625,
    0.9525,
    0.97375,
    0.99,
    0.99375,
    0.99625,
    0.99875,
    1.0,
    0.99875
  ],
  "test_acc": [
    0.515,
    0.8,
    0.8,
    0.76,
    0.8,
    0.815,
    0.885,
    0.905,
    0.925,
    0.93,
    0.92,
    0.89,
    0.86
  ],
  "per_class_acc": [
    [
      0.02564102564102564,
      0.9622641509433962,
      0.0,
      0.0
    ],
    [
      0.5384615384615384,
      0.9056603773584906,
      0.6363636363636364,
      0.8787878787878788
    ],
    [
      0.5897435897435898,
      0.9150943396226415,
      0.7272727272727273,
      0.7272727272727273
    ],
    [
      0.5641025641025641,
      0.8584905660377359,
      0.6818181818181818,
      0.7272727272727273
    ],
    [
      0.5897435897435898,
      0.8867924528301887,
      0.8636363636363636,
      0.7272727272727273
    ],
    [
      0.6153846153846154,
      0.9056603773584906,
      0.8636363636363636,
      0.7272727272727273
    ],
    [
      0.6923076923076923,
      0.9433962264150944,
      0.9545454545454546,
      0.8787878787878788
    ],
    [
      0.7948717948717948,
      0.9056603773584906,
      1.0,
      0.9696969696969697
    ],
    [
      0.8205128205128205,
      0.9433962264150944,
      0.9545454545454546,
      0.9696969696969697
    ],
    [
      0.7948717948717948,
      0.9528301886792453,
      0.9545454545454546,
      1.0
    ],
    [
      0.7435897435897436,
      0.9528301886792453,
      0.9545454545454546,
      1.0
    ],
    [
      0.7692307692307693,
      0.8962264150943396,
      0.9090909090909091,
      1.0
    ],
    [
      0.7435897435897436,
      0.8867924528301887,
      0.7727272727272727,
      0.9696969696969697
    ]
  ],
  "best_layer": 9,
  "best_test_acc": 0.93
}