{
  "gsm8k_cf_op_strict": {
    "N": 324,
    "baseline_accuracy": 0.4722222222222222,
    "mean_attn_norm": [
      [
        21.588904466919935,
        18.74452566584861,
        6.241598983946165,
        5.708099615255524,
        10.192942416347236,
        7.411742913342702,
        13.97419671628952,
        17.561157133617748,
        25.157409482229507,
        20.763285958270416,
        36.52449758055133,
        101.11756323935235
      ],
      [
        21.482280480877296,
        8.074683228571168,
        5.512241002145824,
        4.521344572770535,
        4.071085647975674,
        6.125582264704851,
        13.479097746458002,
        18.05461898071827,
        22.048903941681314,
        25.40080057010851,
        23.923122047711093,
        125.16693051225529
      ],
      [
        20.75473724354055,
        16.53653145440799,
        5.797566844374179,
        6.50448732017205,
        14.27381746619269,
        12.017750975193014,
        18.4598846817302,
        21.81174669993291,
        28.44792995580709,
        18.017049045569895,
        35.44854394625039,
        89.69864916599343
      ],
      [
        21.079753697546035,
        8.158537230189166,
        5.971929209281515,
        4.149723046537458,
        4.52800042608445,
        6.267683593727173,
        12.962761233243368,
        16.66880603378045,
        20.223233981858826,
        22.92719560863059,
        22.166169702775854,
        121.35436405460645
      ],
      [
        21.029880454798548,
        18.812926023696576,
        6.305617052569179,
        7.872079943540192,
        16.64457077398564,
        13.66173377640794,
        19.75236472155706,
        23.546573782248405,
        28.12938691034427,
        15.35830194970965,
        32.175761236818985,
        88.14498904522578
      ],
      [
        21.22382424456089,
        9.210765454775785,
        6.4465438400330095,
        4.208239955572092,
        5.157487680066665,
        6.764657966498485,
        12.627928849865736,
        16.499655948090737,
        19.436765258129203,
        21.236191663383977,
        21.40967438451058,
        121.83906577874457
      ]
    ],
    "mean_mlp_norm": [
      [
        40.63602806789903,
        13.214968255702058,
        12.940650434629273,
        9.934204694580956,
        16.445767376799207,
        25.445369306908308,
        22.076167875944407,
        16.437404039935448,
        30.577398995072144,
        12.649003465651283,
        25.241728780836294,
        27.40457761700792
      ],
      [
        22.958456660066805,
        11.410648403239136,
        11.328326493188236,
        12.567388254175581,
        9.189052219590515,
        9.211267585368594,
        11.92013848955134,
        15.424672708329508,
        15.603810739766232,
        29.168863269731848,
        91.1450879193388,
        86.13355121449135
      ],
      [
        43.13006372617823,
        15.323163689058935,
        13.944399672168654,
        10.642152709368942,
        16.67014263453794,
        23.438497997734856,
        20.004767331650108,
        19.253642183708855,
        27.72744613321417,
        13.490094804022462,
        27.869593711315332,
        43.340267760034564
      ],
      [
        24.40748669733119,
        11.42319427991852,
        11.603507931703673,
        11.408775717533358,
        9.500511251495231,
        9.49520663738309,
        11.979599888093093,
        14.427932151516474,
        15.757358391676345,
        25.905225108526416,
        89.57015464635728,
        88.95096561429332
      ],
      [
        42.91266750167054,
        14.553314968786417,
        13.153622813488056,
        10.423553820684957,
        15.411251587878088,
        22.51329059119798,
        18.47523876142658,
        17.969583005949737,
        24.66577585444724,
        13.022208994039913,
        28.81595880758883,
        46.96339905986274
      ],
      [
        24.86569210534219,
        11.613880724010132,
        11.79941495326271,
        11.277969516572078,
        9.538398118633504,
        9.694123556666844,
        12.060618277599282,
        13.924692501128678,
        15.657406670336124,
        25.739979492691834,
        87.89921514264431,
        86.24035979557851
      ]
    ],
    "std_attn_norm": [
      [
        9.386120116824516,
        11.424292940883026,
        4.529750686898939,
        7.014515945825696,
        11.910454626213125,
        9.551471646260591,
        15.71198079270189,
        30.749181441551173,
        34.69380142928819,
        42.11082134107425,
        69.16910450267264,
        49.24628629405731
      ],
      [
        9.360810379301451,
        7.242825059585458,
        4.775170004945353,
        4.25363381566858,
        4.853521624463509,
        8.941653563355922,
        21.51962424206679,
        34.98756180142731,
        57.58881232641692,
        73.30842854115623,
        70.45785557576407,
        104.9393371755803
      ],
      [
        9.660656592715721,
        13.2431067540399,
        6.095792274401881,
        8.496658397505874,
        14.861773493567453,
        11.781237015263576,
        20.54257510333244,
        23.752825636512547,
        37.89128038702303,
        37.105306666756064,
        66.58557940029368,
        53.087688366353476
      ],
      [
        9.417420816135715,
        7.517417185934023,
        5.211695942259849,
        4.430309830931004,
        5.11034281363434,
        9.141764757908769,
        20.085527445543253,
        33.63295613573201,
        54.29046720248965,
        66.89337528241532,
        70.07107862446982,
        105.31209692956182
      ],
      [
        10.592971727342443,
        13.35842904318972,
        6.074915993066037,
        9.149170914421639,
        15.5839154026324,
        11.456332068120611,
        20.161976959344635,
        23.029154319968903,
        35.79161493274842,
        33.395036675359535,
        62.32342131893885,
        52.02368568328765
      ],
      [
        9.794838194727017,
        7.966695139677742,
        5.361817006857965,
        4.803060120017685,
        5.656063798267397,
        9.28792666747735,
        19.626877081991815,
        32.52000122063884,
        51.74503041033514,
        64.03671198142968,
        68.45401809483454,
        103.87868215518048
      ]
    ],