{
  "cf_sets": {
    "gsm8k_cf_op_strict": {
      "N": 324,
      "baseline_accuracy": 0.4722222222222222,
      "sweeps": {
        "step1": {
          "recovery_rate": 0.6512345679012346,
          "accuracy": 0.4074074074074074,
          "delta_acc": -0.06481481481481483,
          "n_changed_from_baseline": 113
        },
        "step2": {
          "recovery_rate": 0.7592592592592593,
          "accuracy": 0.49382716049382713,
          "delta_acc": 0.021604938271604923,
          "n_changed_from_baseline": 78
        },
        "step3": {
          "recovery_rate": 0.6327160493827161,
          "accuracy": 0.4074074074074074,
          "delta_acc": -0.06481481481481483,
          "n_changed_from_baseline": 119
        },
        "step4": {
          "recovery_rate": 0.7222222222222222,
          "accuracy": 0.44753086419753085,
          "delta_acc": -0.024691358024691357,
          "n_changed_from_baseline": 90
        },
        "step5": {
          "recovery_rate": 0.7592592592592593,
          "accuracy": 0.44753086419753085,
          "delta_acc": -0.024691358024691357,
          "n_changed_from_baseline": 78
        },
        "step6": {
          "recovery_rate": 0.9228395061728395,
          "accuracy": 0.4722222222222222,
          "delta_acc": 0.0,
          "n_changed_from_baseline": 25
        },
        "resid_L0": {
          "recovery_rate": 0.12345679012345678,
          "accuracy": 0.07716049382716049,
          "delta_acc": -0.3950617283950617,
          "n_changed_from_baseline": 284
        },
        "resid_L1": {
          "recovery_rate": 0.15123456790123457,
          "accuracy": 0.08641975308641975,
          "delta_acc": -0.38580246913580246,
          "n_changed_from_baseline": 275
        },
        "resid_L2": {
          "recovery_rate": 0.16049382716049382,
          "accuracy": 0.09876543209876543,
          "delta_acc": -0.3734567901234568,
          "n_changed_from_baseline": 272
        },
        "resid_L3": {
          "recovery_rate": 0.1697530864197531,
          "accuracy": 0.09876543209876543,
          "delta_acc": -0.3734567901234568,
          "n_changed_from_baseline": 269
        },
        "resid_L4": {
          "recovery_rate": 0.18209876543209877,
          "accuracy": 0.1111111111111111,
          "delta_acc": -0.3611111111111111,
          "n_changed_from_baseline": 265
        },
        "resid_L5": {
          "recovery_rate": 0.19135802469135801,
          "accuracy": 0.11419753086419752,
          "delta_acc": -0.35802469135802467,
          "n_changed_from_baseline": 262
        },
        "resid_L6": {
          "recovery_rate": 0.19753086419753085,
          "accuracy": 0.12345679012345678,
          "delta_acc": -0.3487654320987654,
          "n_changed_from_baseline": 260
        },
        "resid_L7": {
          "recovery_rate": 0.25925925925925924,
          "accuracy": 0.1419753086419753,
          "delta_acc": -0.33024691358024694,
          "n_changed_from_baseline": 240
        },
        "resid_L8": {
          "recovery_rate": 0.3611111111111111,
          "accuracy": 0.2222222222222222,
          "delta_acc": -0.25,
          "n_changed_from_baseline": 207
        },
        "resid_L9": {
          "recovery_rate": 0.37962962962962965,
          "accuracy": 0.2623456790123457,
          "delta_acc": -0.20987654320987653,
          "n_changed_from_baseline": 201
        },
        "resid_L10": {
          "recovery_rate": 0.3611111111111111,
          "accuracy": 0.2654320987654321,
          "delta_acc": -0.2067901234567901,
          "n_changed_from_baseline": 207
        },
        "resid_L11": {
          "recovery_rate": 0.36419753086419754,
          "accuracy": 0.2716049382716049,
          "delta_acc": -0.2006172839506173,
          "n_changed_from_baseline": 206
        },
        "attn_L0": {
          "recovery_rate": 0.9135802469135802,
          "accuracy": 0.48148148148148145,
          "delta_acc": 0.009259259259259245,
          "n_changed_from_baseline": 28
        },
        "attn_L1": {
          "recovery_rate": 0.9135802469135802,
          "accuracy": 0.47530864197530864,
          "delta_acc": 0.0030864197530864335,
          "n_changed_from_baseline": 28
        },
        "attn_L2": {
          "recovery_rate": 0.9259259259259259,
          "accuracy": 0.4722222222222222,
          "delta_acc": 0.0,
          "n_changed_from_baseline": 24
        },
        "attn_L3": {
          "recovery_rate": 0.9320987654320988,
          "accuracy": 0.4691358024691358,
          "delta_acc": -0.0030864197530864335,
          "n_changed_from_baseline": 22
        },
        "attn_L4": {
          "recovery_rate": 0.9074074074074074,
          "accuracy": 0.4691358024691358,
          "delta_acc": -0.0030864197530864335,
          "n_changed_from_baseline": 30
        },
        "attn_L5": {
          "recovery_rate": 0.9012345679012346,
          "accuracy": 0.4660493827160494,
          "delta_acc": -0.006172839506172811,
          "n_changed_from_baseline": 32
        },
        "attn_L6": {
          "recovery_rate": 0.8240740740740741,
          "accuracy": 0.4660493827160494,
          "delta_acc": -0.006172839506172811,
          "n_changed_from_baseline": 57
        },
        "attn_L7": {
          "recovery_rate": 0.7808641975308642,
          "accuracy": 0.4444444444444444,
          "delta_acc": -0.02777777777777779,
          "n_changed_from_baseline": 71
        },
        "attn_L8": {
          "recovery_rate": 0.6851851851851852,
          "accuracy": 0.44135802469135804,
          "delta_acc": -0.030864197530864168,
          "n_changed_from_baseline": 102
        },
        "attn_L9": {
          "recovery_rate": 0.6759259259259259,
          "accuracy": 0.41358024691358025,
          "delta_acc": -0.05864197530864196,
          "n_changed_from_baseline": 105
        },
        "attn_L10": {
          "recovery_rate": 0.6697530864197531,
          "accuracy": 0.4444444444444444,
          "delta_acc": -0.02777777777777779,
          "n_changed_from_baseline": 107
        },
        "attn_L11": {
          "recovery_rate": 0.7839506172839507,
          "accuracy": 0.4567901234567901,
          "delta_acc": -0.015432098765432112,
          "n_changed_from_baseline": 70
        },
        "mlp_L0": {
          "recovery_rate": 0.7160493827160493,
          "accuracy": 0.44135802469135804,
          "delta_acc": -0.030864197530864168,
          "n_changed_from_baseline": 92
        },
        "mlp_L1": {
          "recovery_rate": 0.8580246913580247,
          "accuracy": 0.4722222222222222,
          "delta_acc": 0.0,
          "n_changed_from_baseline": 46
        },
        "mlp_L2": {
          "recovery_rate": 0.8858024691358025,
          "accuracy": 0.4691358024691358,
          "delta_acc": -0.0030864197530864335,
          "n_changed_from_baseline": 37
        },
        "mlp_L3": {
          "recovery_rate": 0.8858024691358025,
          "accuracy": 0.4691358024691358,
          "delta_acc": -0.0030864197530864335,
          "n_changed_from_baseline": 37
        },
        "mlp_L4": {
          "recovery_rate": 0.9166666666666666,
          "accuracy": 0.47530864197530864,
          "delta_acc": 0.0030864197530864335,
          "n_changed_from_baseline": 27
        },
        "mlp_L5": {
          "recovery_rate": 0.8888888888888888,
          "accuracy": 0.4691358024691358,
          "delta_acc": -0.0030864197530864335,
          "n_changed_from_baseline": 36
        },
        "mlp_L6": {
          "recovery_rate": 0.8641975308641975,
          "accuracy": 0.4722222222222222,
          "delta_acc": 0.0,
          "n_changed_from_baseline": 44
        },
        "mlp_L7": {
          "recovery_rate": 0.8209876543209876,
          "accuracy": 0.4691358024691358,
          "delta_acc": -0.0030864197530864335,
          "n_changed_from_baseline": 58
        },
        "mlp_L8": {
          "recovery_rate": 0.7746913580246914,