{
  "test_auc_per_layer": [
    0.854821486605692,
    0.859882074376712,
    0.8557036074098148,
    0.8555178977668415,
    0.8572821393750869,
    0.8565857282139374,
    0.8518037049073773,
    0.8348576999860718,
    0.849296624727239,
    0.8461395607966944,
    0.8437717628487859,
    0.832118482752217,
    0.8269650401597103
  ],
  "best_layer": 1,
  "by_layer": {
    "mean_P_s2_per_cohort": {
      "wr": [
        0.5347788137040782,
        0.5396765802229185,
        0.5461126456331128,
        0.5610410509252736,
        0.5626756522949588,
        0.5657826696684991,
        0.5743464400237401,
        0.5861133680402358,
        0.651224358984536,
        0.6325144877233068,
        0.643677733063721,
        0.6245803700049888,
        0.6175139050759124
      ],
      "rw": [
        0.2859443330496608,
        0.2720800325475353,
        0.2694364405645495,
        0.24720722710305498,
        0.24020026286510213,
        0.23851449767008964,
        0.25585401180863204,
        0.23278177700056749,
        0.18197629686334443,
        0.18136019101541115,
        0.21257821341130761,
        0.21125586992020104,
        0.19540363596619956
      ],
      "same_right": [
        0.8050710509213831,
        0.838385465928739,
        0.8483210066591231,
        0.854704415425577,
        0.8542663688393026,
        0.8521882032241634,
        0.8572006433230637,
        0.8646748861589173,
        0.8766538665454856,
        0.8848651235864606,
        0.8797700629261742,
        0.8911209514958413,
        0.8933076355711028
      ],
      "same_wrong": [
        0.22944428510480688,
        0.19126064409557272,
        0.17927147539528357,
        0.17118804455283454,
        0.16694468345752758,
        0.16390972272752713,
        0.15122986040624894,
        0.13756840762546688,
        0.1201172273233919,
        0.12008658263643178,
        0.11830784861162862,
        0.11599288110294026,
        0.10794380505185469
      ]
    },
    "mean_P_s1_per_cohort": {
      "wr": [
        0.349000378754988,
        0.2186012519184506,
        0.31699154357115394,
        0.25214779795300973,
        0.21725074651957363,
        0.2935759320704494,
        0.5341616108376629,
        0.19883896830830577,
        0.5881650598249156,
        0.3939275317174908,
        0.4651036005362558,
        0.43068210900742465,
        0.37094124880097945
      ],
      "rw": [
        0.3357247220044434,
        0.21144553008410077,
        0.28473908787883123,
        0.24498137361361513,
        0.19122890656099906,
        0.29259089637335284,
        0.5401697755636135,
        0.2544858883063949,
        0.650292074692977,
        0.3813712976861698,
        0.39830373651411616,
        0.3192239105729698,
        0.3475436356337252
      ],
      "same_right": [
        0.5550136641731593,
        0.29450273679240707,
        0.2459251965159907,
        0.2049308016724365,
        0.14690878719675168,
        0.15542206085683488,
        0.46951572240248496,
        0.2553607797413246,
        0.6376658414605945,
        0.4109030351117131,
        0.6073567071483101,
        0.6368797037490641,
        0.6785776247178777
      ],
      "same_wrong": [
        0.26588312203750475,
        0.19599296917144177,
        0.2768013236273917,
        0.20485024957978104,
        0.1818818178242936,
        0.24838199400816474,
        0.47943512062708743,
        0.20672471072433043,
        0.6053775995168257,
        0.25591581574739514,
        0.3345214725049555,
        0.27961403982024513,
        0.1917887891538405
      ]
    },
    "mean_cos_delta_per_cohort": {
      "wr": [
        0.0033726039600442182,
        0.016199408759826044,
        0.01437510788331545,
        0.01663119166093734,
        0.026637224116421283,
        0.019126931840588002,
        -0.00265351747979854,
        0.018866912002183874,
        -0.0005247744128996917,
        0.012248928565159982,
        0.008765698211789607,
        0.010069951680073843,
        0.0010673285790655928
      ],
      "rw": [
        0.0009691903264877858,
        0.01083895801685601,
        0.0141105040917225,
        0.013366963785866619,
        0.02303510406390366,
        0.012010270520078258,
        -0.011180454113352169,
        0.0077680560240594426,
        -0.015773829878712092,
        -0.003560629510742545,
        -0.008359415375917098,
        -0.0021232676755507697,
        -0.0004602172944778314
      ],
      "same_right": [
        0.002938274684491942,
        0.02253714155403191,
        0.030071985838606805,
        0.035445032292102795,
        0.04798893425317685,
        0.045334950691661914,
        0.01514890447266262,
        0.031106512318440072,
        0.012279965779297883,
        0.036436185784369295,
        0.030194992285814026,
        0.031574392573981834,
        0.0017340565983018901
      ],
      "same_wrong": [
        0.001753399098821955,
        0.008201858415785867,
        0.006085567551441496,
        0.011983877232247413,
        0.01918257757067305,
        0.011702629922219026,
        -0.009669568833221403,
        0.004847991505013996,
        -0.02118231437825437,
        -0.0024656996602041193,
        -0.015310547177919544,
        -0.01293860117286158,
        -0.00036074218852710137
      ]
    },
    "mean_cos_s2_per_cohort": {
      "wr": [
        0.003646748398456374,
        0.0020384722947064285,
        0.004793794691723634,
        0.007511771876478146,
        0.009426370237786315,
        0.005226055942014758,
        0.0021350443823471474,
        0.009272973516015937,
        0.004643437077170979,
        0.03299190786289941,
        0.02953850276965621,
        0.01467858251802773,
        0.004514951309468687
      ],
      "rw": [
        0.0015849217056188916,
        -0.0029570758757509687,
        -0.0003212658899059647,
        0.0014502619762971711,
        0.0027426328731578915,
        -0.002222983049642658,
        -0.006321856285617759,
        -0.002135531290307718,
        -0.015012515869835574,
        0.009648985509502736,
        0.0055144840397408175,
        -0.004893990974422351,
        0.0024812271895791
      ],
      "same_right": [
        0.006436391577685743,
        0.008477378357655265,
        0.01119313938098649,
        0.01442187937442956,
        0.017352089707034654,
        0.014110478691089869,
        0.011961304162920568,
        0.02131495934268369,
        0.021119612429344552,
        0.0527549934234636,
        0.05534580973930806,
        0.037339306007406384,
        0.00647411378267617
      ],
      "same_wrong": [
        0.0006626756899453894,
        -0.006293713586539779,
        -0.0037737312570998507,
        -0.0019630920189695695,
        -0.0013564677442338786,
        -0.006832143308268673,
        -0.012190183405108593,
        -0.009012144250206034,
        -0.024213314104112968,
        -0.002195304423241544,
        -0.011601055059807092,
        -0.021209134165140617,
        0.0011384296670036047
      ]
    }
  },
  "best_layer_summary": {
    "wr": {
      "P_s2": {
        "n": 70,
        "mean": 0.5396765802229185,
        "median": 0.6004998688218046,
        "std": 0.2491948872246288,
        "p10": 0.16451421655928622,
        "p90": 0.8038654910879699
      },
      "P_s1": {
        "n": 70,
        "mean": 0.2186012519184506,
        "median": 0.021999558579419425,
        "std": 0.3367457615411146,
        "p10": 1.3945064200157326e-05,
        "p90": 0.9177801457265137
      },
      "cos_s2": {
        "n": 70,
        "mean": 0.0020384722947064285,
        "median": 0.00318840954306006,
        "std": 0.004378339314702299,
        "p10": -0.004275392670805101,
        "p90": 0.0063404583582900055
      },
      "cos_s1": {
        "n": 70,
        "mean": -0.013789097347006712,
        "median": -0.01245456813826716,
        "std": 0.020652413166566262,
        "p10": -0.04024407603010273,
        "p90": 0.009032505093972675
      },