{
  "orig_acc": [
    [
      0.9917762875556946,
      0.9967105388641357,
      0.9950658082962036,
      0.9983552694320679,
      1.0,
      0.9983552694320679
    ],
    [
      0.9934210777282715,
      0.9967105388641357,
      0.9983552694320679,
      0.9983552694320679,
      0.9983552694320679,
      0.9967105388641357
    ],
    [
      0.9950658082962036,
      0.9934210777282715,
      0.9983552694320679,
      0.9967105388641357,
      0.9917762875556946,
      0.9934210777282715
    ],
    [
      0.9950658082962036,
      0.9950658082962036,
      0.9950658082962036,
      0.9967105388641357,
      0.9934210777282715,
      0.9967105388641357
    ],
    [
      0.9950658082962036,
      0.9967105388641357,
      0.9934210777282715,
      0.9983552694320679,
      0.9967105388641357,
      0.9967105388641357
    ],
    [
      0.9950658082962036,
      0.9967105388641357,
      0.9934210777282715,
      0.9983552694320679,
      0.9950658082962036,
      0.9950658082962036
    ],
    [
      0.9967105388641357,
      0.9967105388641357,
      0.9967105388641357,
      0.9983552694320679,
      0.9967105388641357,
      0.9934210777282715
    ],
    [
      0.9983552694320679,
      0.9950658082962036,
      0.9983552694320679,
      0.9983552694320679,
      1.0,
      0.9967105388641357
    ],
    [
      0.9983552694320679,
      0.9983552694320679,
      1.0,
      1.0,
      1.0,
      1.0
    ],
    [
      0.9967105388641357,
      0.9983552694320679,
      1.0,
      1.0,
      1.0,
      1.0
    ],
    [
      0.9983552694320679,
      0.9983552694320679,
      1.0,
      1.0,
      1.0,
      1.0
    ],
    [
      1.0,
      0.9983552694320679,
      1.0,
      1.0,
      1.0,
      1.0
    ],
    [
      1.0,
      1.0,
      1.0,
      1.0,
      1.0,
      1.0
    ],
    [
      0.9983552694320679,
      1.0,
      1.0,
      1.0,
      1.0,
      1.0
    ],
    [
      1.0,
      1.0,
      1.0,
      1.0,
      1.0,
      1.0
    ],
    [
      0.9967105388641357,
      0.9967105388641357,
      0.9983552694320679,
      0.9983552694320679,
      0.9983552694320679,
      0.9950658082962036
    ],
    [
      0.9934210777282715,
      0.9950658082962036,
      0.9967105388641357,
      0.9967105388641357,
      0.9950658082962036,
      0.9934210777282715
    ]
  ],
  "cf_acc": [
    [
      0.7619718313217163,
      0.9112675786018372,
      0.9408450722694397,
      0.8957746624946594,
      0.877464771270752,
      0.8647887110710144
    ],
    [
      0.7281690239906311,
      0.877464771270752,
      0.9450704455375671,
      0.8802816867828369,
      0.8788732290267944,
      0.8577464818954468
    ],
    [
      0.780281662940979,
      0.8450704216957092,
      0.8802816867828369,
      0.8647887110710144,
      0.8605633974075317,
      0.8830986022949219
    ],
    [
      0.8563380241394043,
      0.8154929280281067,
      0.8591549396514893,
      0.8211267590522766,
      0.8830986022949219,
      0.8380281925201416
    ],
    [
      0.8507042527198792,
      0.8352112770080566,
      0.8661971688270569,
      0.8633802533149719,
      0.8732394576072693,
      0.905633807182312
    ],
    [
      0.8478873372077942,
      0.8478873372077942,
      0.9154929518699646,
      0.8929577469825745,
      0.8281689882278442,
      0.902816891670227
    ],
    [
      0.8859155178070068,
      0.8760563135147095,
      0.9098591804504395,
      0.8845070600509644,
      0.8647887110710144,
      0.8647887110710144
    ],
    [
      0.9211267828941345,
      0.9140844941139221,
      0.9323943853378296,
      0.9112675786018372,
      0.9323943853378296,
      0.9535211324691772
    ],
    [
      0.9591549038887024,
      0.9690141081809998,
      0.9633802771568298,
      0.9788732528686523,
      0.9704225063323975,
      0.9619718194007874
    ],
    [
      0.9676056504249573,
      0.9816901683807373,
      0.983098566532135,
      0.9788732528686523,
      0.9887323975563049,
      0.9887323975563049
    ],
    [
      0.98591548204422,
      0.9816901683807373,
      0.9816901683807373,
      0.9873239398002625,
      0.98591548204422,
      0.9802817106246948
    ],
    [
      0.9802817106246948,
      0.9704225063323975,
      0.9732394218444824,
      0.9732394218444824,
      0.9760563373565674,
      0.9788732528686523
    ],
    [
      0.9887323975563049,
      0.9887323975563049,
      0.9929577708244324,
      0.9887323975563049,
      0.9732394218444824,
      0.9704225063323975
    ],
    [
      0.9873239398002625,
      0.9845070242881775,
      0.9985915422439575,
      0.997183084487915,
      0.9873239398002625,
      0.9746478796005249
    ],
    [
      0.9619718194007874,
      0.9774647951126099,
      0.9887323975563049,
      0.9873239398002625,
      0.9788732528686523,
      0.9718309640884399
    ],
    [
      0.9788732528686523,
      0.9802817106246948,
      0.9746478796005249,
      0.9816901683807373,
      0.9661971926689148,
      0.9591549038887024
    ],
    [
      0.9563380479812622,
      0.9478873014450073,
      0.9633802771568298,
      0.9676056504249573,
      0.9492957592010498,
      0.9633802771568298
    ]
  ],