{
  "orig_acc": [
    [
      0.9940000176429749,
      0.9950000047683716,
      0.9959999918937683,
      0.996999979019165,
      0.9950000047683716,
      0.9940000176429749
    ],
    [
      0.9929999709129333,
      0.996999979019165,
      0.9940000176429749,
      0.996999979019165,
      0.9929999709129333,
      0.9940000176429749
    ],
    [
      0.9940000176429749,
      0.9940000176429749,
      0.9929999709129333,
      1.0,
      0.9919999837875366,
      0.9929999709129333
    ],
    [
      0.9919999837875366,
      0.9919999837875366,
      0.9959999918937683,
      0.9990000128746033,
      0.9929999709129333,
      0.9950000047683716
    ],
    [
      0.9940000176429749,
      0.9950000047683716,
      0.9909999966621399,
      0.9990000128746033,
      0.9959999918937683,
      0.9950000047683716
    ],
    [
      0.9959999918937683,
      0.996999979019165,
      0.9940000176429749,
      1.0,
      0.9950000047683716,
      0.9929999709129333
    ],
    [
      0.9980000257492065,
      0.9950000047683716,
      0.9959999918937683,
      1.0,
      0.9959999918937683,
      0.996999979019165
    ],
    [
      0.9990000128746033,
      0.9980000257492065,
      0.9990000128746033,
      0.9990000128746033,
      0.9980000257492065,
      0.9990000128746033
    ],
    [
      0.9990000128746033,
      1.0,
      0.9990000128746033,
      0.9990000128746033,
      0.9990000128746033,
      0.9990000128746033
    ],
    [
      1.0,
      1.0,
      0.9980000257492065,
      0.9990000128746033,
      0.9980000257492065,
      0.9990000128746033
    ],
    [
      1.0,
      1.0,
      1.0,
      0.9990000128746033,
      1.0,
      1.0
    ],
    [
      1.0,
      1.0,
      1.0,
      0.9990000128746033,
      1.0,
      1.0
    ],
    [
      0.9990000128746033,
      1.0,
      1.0,
      1.0,
      1.0,
      1.0
    ],
    [
      0.996999979019165,
      1.0,
      1.0,
      1.0,
      0.9990000128746033,
      1.0
    ],
    [
      0.9990000128746033,
      0.9990000128746033,
      1.0,
      1.0,
      1.0,
      0.9990000128746033
    ],
    [
      0.996999979019165,
      1.0,
      0.9990000128746033,
      0.996999979019165,
      0.9980000257492065,
      0.9990000128746033
    ],
    [
      0.9950000047683716,
      0.996999979019165,
      0.9990000128746033,
      0.996999979019165,
      0.9959999918937683,
      0.9959999918937683
    ]
  ],
  "cf_acc": [
    [
      0.45266273617744446,
      0.5532544255256653,
      0.5828402638435364,
      0.6272189617156982,
      0.5103550553321838,
      0.5295857787132263
    ],
    [
      0.5118343234062195,
      0.5547337532043457,
      0.6286982297897339,
      0.7292899489402771,
      0.5621301531791687,
      0.5458579659461975
    ],
    [
      0.6139053106307983,
      0.6124260425567627,
      0.6760355234146118,
      0.7869822382926941,
      0.6020709872245789,
      0.6065088510513306
    ],
    [
      0.6242603659629822,
      0.6449704170227051,
      0.6819526553153992,
      0.7618343234062195,
      0.6346153616905212,
      0.639053225517273
    ],
    [
      0.6139053106307983,
      0.6952662467956543,
      0.7041420340538025,
      0.7529585957527161,
      0.61834317445755,
      0.6745561957359314
    ],
    [
      0.6982248425483704,
      0.75,
      0.7056213021278381,
      0.8106508851051331,
      0.7248520851135254,
      0.6627218723297119
    ],
    [
      0.7692307829856873,
      0.7396449446678162,
      0.7677514553070068,
      0.8801774978637695,
      0.7618343234062195,
      0.6952662467956543
    ],
    [
      0.7914201021194458,
      0.807692289352417,
      0.834319531917572,
      0.9215976595878601,
      0.784023642539978,
      0.7662721872329712
    ],
    [
      0.8550295829772949,
      0.8786982297897339,
      0.8934911489486694,
      0.9437869787216187,
      0.8772189617156982,
      0.8328402638435364
    ],
    [
      0.8860946893692017,
      0.8846153616905212,
      0.8860946893692017,
      0.9289940595626831,
      0.8668639063835144,
      0.8727810382843018
    ],
    [
      0.9082840085029602,
      0.9023668766021729,
      0.9275147914886475,
      0.9526627063751221,
      0.88165682554245,
      0.8757396340370178
    ],
    [
      0.8875739574432373,
      0.8727810382843018,
      0.8875739574432373,
      0.9289940595626831,
      0.8565088510513306,
      0.8727810382843018
    ],
    [
      0.8698225021362305,
      0.8639053106307983,
      0.889053225517273,
      0.8269230723381042,
      0.8224852085113525,
      0.834319531917572
    ],
    [
      0.8713017702102661,
      0.8639053106307983,
      0.889053225517273,
      0.8520709872245789,
      0.807692289352417,
      0.8150887489318848
    ],
    [
      0.8328402638435364,
      0.8565088510513306,
      0.88165682554245,
      0.8269230723381042,
      0.807692289352417,
      0.8431952595710754
    ],
    [
      0.8239644765853882,
      0.8136094808578491,
      0.8653846383094788,
      0.7810651063919067,
      0.7869822382926941,
      0.8195266127586365
    ],
    [
      0.7529585957527161,
      0.7781065106391907,
      0.8328402638435364,
      0.7278106212615967,
      0.7825443744659424,
      0.807692289352417
    ]
  ],