{
  "orig_acc": [
    [
      0.9917762875556946,
      0.9967105388641357,
      0.9950658082962036,
      0.9983552694320679,
      1.0,
      0.9983552694320679
    ],
    [
      0.9934210777282715,
      0.9967105388641357,
      0.9983552694320679,
      0.9983552694320679,
      0.9983552694320679,
      0.9967105388641357
    ],
    [
      0.9950658082962036,
      0.9934210777282715,
      0.9983552694320679,
      0.9967105388641357,
      0.9917762875556946,
      0.9934210777282715
    ],
    [
      0.9950658082962036,
      0.9950658082962036,
      0.9950658082962036,
      0.9967105388641357,
      0.9934210777282715,
      0.9967105388641357
    ],
    [
      0.9950658082962036,
      0.9967105388641357,
      0.9934210777282715,
      0.9983552694320679,
      0.9967105388641357,
      0.9967105388641357
    ],
    [
      0.9950658082962036,
      0.9967105388641357,
      0.9934210777282715,
      0.9983552694320679,
      0.9950658082962036,
      0.9950658082962036
    ],
    [
      0.9967105388641357,
      0.9967105388641357,
      0.9967105388641357,
      0.9983552694320679,
      0.9967105388641357,
      0.9934210777282715
    ],
    [
      0.9983552694320679,
      0.9950658082962036,
      0.9983552694320679,
      0.9983552694320679,
      1.0,
      0.9967105388641357
    ],
    [
      0.9983552694320679,
      0.9983552694320679,
      1.0,
      1.0,
      1.0,
      1.0
    ],
    [
      0.9967105388641357,
      0.9983552694320679,
      1.0,
      1.0,
      1.0,
      1.0
    ],
    [
      0.9983552694320679,
      0.9983552694320679,
      1.0,
      1.0,
      1.0,
      1.0
    ],
    [
      1.0,
      0.9983552694320679,
      1.0,
      1.0,
      1.0,
      1.0
    ],
    [
      1.0,
      1.0,
      1.0,
      1.0,
      1.0,
      1.0
    ],
    [
      0.9983552694320679,
      1.0,
      1.0,
      1.0,
      1.0,
      1.0
    ],
    [
      1.0,
      1.0,
      1.0,
      1.0,
      1.0,
      1.0
    ],
    [
      0.9967105388641357,
      0.9967105388641357,
      0.9983552694320679,
      0.9983552694320679,
      0.9983552694320679,
      0.9950658082962036
    ],
    [
      0.9934210777282715,
      0.9950658082962036,
      0.9967105388641357,
      0.9967105388641357,
      0.9950658082962036,
      0.9934210777282715
    ]
  ],
  "cf_acc": [
    [
      0.591911792755127,
      0.6507353186607361,
      0.7242646813392639,
      0.7647058963775635,
      0.6801470518112183,
      0.6213235259056091
    ],
    [
      0.6433823704719543,
      0.6875,
      0.720588207244873,
      0.8051470518112183,
      0.716911792755127,
      0.6948529481887817
    ],
    [
      0.6985294222831726,
      0.7647058963775635,
      0.7647058963775635,
      0.8382353186607361,
      0.7316176295280457,
      0.7132353186607361
    ],
    [
      0.7058823704719543,
      0.75,
      0.7757353186607361,
      0.8566176295280457,
      0.720588207244873,
      0.7573529481887817
    ],
    [
      0.7536764740943909,
      0.75,
      0.8125,
      0.8492646813392639,
      0.7279411554336548,
      0.7389705777168274
    ],
    [
      0.779411792755127,
      0.779411792755127,
      0.8161764740943909,
      0.8676470518112183,
      0.7573529481887817,
      0.7867646813392639
    ],
    [
      0.8198529481887817,
      0.7904411554336548,
      0.8676470518112183,
      0.8970588445663452,
      0.8088235259056091,
      0.8272058963775635
    ],
    [
      0.8786764740943909,
      0.8713235259056091,
      0.8933823704719543,
      0.9338235259056091,
      0.8933823704719543,
      0.8676470518112183
    ],
    [
      0.8529411554336548,
      0.9007353186607361,
      0.9411764740943909,
      0.9522058963775635,
      0.8970588445663452,
      0.904411792755127
    ],
    [
      0.9191176295280457,
      0.908088207244873,
      0.9485294222831726,
      0.966911792755127,
      0.9375,
      0.9191176295280457
    ],
    [
      0.9338235259056091,
      0.9007353186607361,
      0.9485294222831726,
      0.9558823704719543,
      0.9264705777168274,
      0.908088207244873
    ],
    [
      0.9154411554336548,
      0.9007353186607361,
      0.9448529481887817,
      0.9522058963775635,
      0.8897058963775635,
      0.904411792755127
    ],
    [
      0.9117646813392639,
      0.8897058963775635,
      0.9301470518112183,
      0.9154411554336548,
      0.8823529481887817,
      0.9227941036224365
    ],
    [
      0.8676470518112183,
      0.9117646813392639,
      0.9338235259056091,
      0.904411792755127,
      0.875,
      0.8933823704719543
    ],
    [
      0.8639705777168274,
      0.908088207244873,
      0.9264705777168274,
      0.9154411554336548,
      0.904411792755127,
      0.9375
    ],
    [
      0.8345588445663452,
      0.908088207244873,
      0.904411792755127,
      0.8970588445663452,
      0.8933823704719543,
      0.904411792755127
    ],
    [
      0.8125,
      0.8823529481887817,
      0.9007353186607361,
      0.841911792755127,
      0.8566176295280457,
      0.8933823704719543
    ]
  ],