{
  "Huginn": {
    "shape": [
      80,
      32,
      4,
      5280
    ],
    "best_cell": [
      3,
      31
    ],
    "PC1_r2_value": [
      [
        0.48318049287306025,
        0.575986641328784,
        0.6192999826965675,
        0.692843660485271,
        0.6831828658462511,
        0.6782365758494557,
        0.6827191874935646,
        0.7057786833791473,
        0.7042633518422533,
        0.6961114094603376,
        0.7107652023695279,
        0.718977070673201,
        0.7207129282733573,
        0.7194266984385906,
        0.7163554123588113,
        0.7198803276992537,
        0.7237059991473743,
        0.7273396011287839,
        0.7337856136780294,
        0.7370165607928852,
        0.7364031182023183,
        0.7360734106522786,
        0.73777191727021,
        0.7436534668232039,
        0.7489715389680223,
        0.7534396996481951,
        0.7565703075682289,
        0.7572475849627356,
        0.7562894771852167,
        0.756815015100123,
        0.7582781209115276,
        0.7591192989288772
      ],
      [
        0.3660967044472075,
        0.5744674020351099,
        0.622621088613085,
        0.6993307763717455,
        0.6653032037083023,
        0.6855538144160922,
        0.6874669010253093,
        0.7096720962964401,
        0.6938676845588181,
        0.694820064212912,
        0.7133457539445363,
        0.7209779164035898,
        0.7209229543221201,
        0.7193952933813434,
        0.7174018784564371,
        0.7226523055129643,
        0.7255018399630041,
        0.7293351827982445,
        0.7352929159105529,
        0.7369192378026614,
        0.7354853821588118,
        0.735867239960069,
        0.7386767606980472,
        0.7451285288482526,
        0.7502581645195386,
        0.7545539211470932,
        0.7572218375535149,
        0.7574437108422153,
        0.756740120042118,
        0.7575415636037639,
        0.7594857565797388,
        0.7602343672395948
      ],
      [
        0.44386336668786647,
        0.5674199652559564,
        0.5946018444483175,
        0.6984576433759659,
        0.6611027774775967,
        0.6865229494131265,
        0.6890340584397762,
        0.7083731140663072,
        0.6924707334912006,
        0.6981676864669341,
        0.7146487819616468,
        0.7221652930857337,
        0.7228941910562292,
        0.7203949482257034,
        0.7191447233961865,
        0.7237607902894657,
        0.7256301964542717,
        0.7298755718973241,
        0.735944021361824,
        0.7373949043738669,
        0.7365239620226155,
        0.736484471572285,
        0.7396227582514658,
        0.7458542849371617,
        0.7510656124417767,
        0.755686600106511,
        0.7580311780837605,
        0.7577426158702179,
        0.7572876788270388,
        0.7581684031496816,
        0.7601485892761357,
        0.760832116182077
      ],
      [
        0.5824103223597177,
        0.5626381522088252,
        0.5794172520792849,
        0.7010253383530051,
        0.6622624793018492,
        0.6835618937386976,
        0.6906518013421932,
        0.7104133877729757,
        0.6941516999553646,
        0.7031762721684378,
        0.7165198875325923,
        0.7226239748333876,
        0.7230589728943498,
        0.7206497584284951,
        0.7210807637519431,
        0.7255159248944316,
        0.726634508040926,
        0.7309582789789597,
        0.7377089880367663,
        0.7398825265699179,
        0.7387723189725538,
        0.738118432737189,
        0.7417249476871124,
        0.7475107668142942,
        0.7527324932423174,
        0.7574156351831557,
        0.759439435261348,
        0.7586441981540982,
        0.7584207037384937,
        0.7596753196942094,
        0.7614248257458918,
        0.7622543670640645
      ]
    ],
    "PC1_r2_ndigits": [
      [
        0.6339036783631777,
        0.7070833476061638,
        0.7509573091781871,
        0.8420111177524392,
        0.869022986705394,
        0.8947423802987967,
        0.9131599346829009,
        0.9240872015714131,
        0.9051477647239761,
        0.9006685204913765,
        0.920610479674313,
        0.9356546015072584,
        0.9431760919059475,
        0.9356798455802787,
        0.9276125598056435,
        0.924648053561583,
        0.9191957966867652,
        0.9156802520765904,
        0.9218818361374854,
        0.9257525762493868,
        0.9279815712861106,
        0.9307207190091981,
        0.9328120939636142,
        0.9367872727203237,
        0.9419589123966748,
        0.9461462841084542,
        0.9510380973619195,
        0.957997494174867,
        0.9645791014242033,
        0.9706149612664366,
        0.9759567038502077,
        0.9802515464309283
      ],
      [
        0.4860970177637206,
        0.7091937367678443,
        0.7375395469670101,
        0.8554837804371512,
        0.8455327283949801,
        0.9065326289198329,
        0.9134629808998139,
        0.9225649927895792,
        0.8962142420051241,
        0.9029018234455073,
        0.9246763184535546,
        0.9374901492049336,
        0.9422303291901575,
        0.9333305502257412,
        0.9272452754093612,
        0.9250068955934421,
        0.9177888688283559,
        0.9156108538076366,
        0.9221948552533132,
        0.9249423188840898,
        0.9271371029609138,
        0.930138700702033,
        0.9323094555725022,
        0.9367644615626349,
        0.9417315764653987,
        0.9461528046953421,
        0.9514817387534324,
        0.9586429136400154,
        0.9651334805849752,
        0.971090879483153,
        0.9764117022219042,
        0.9804766010885549
      ],
      [
        0.597113366953313,
        0.6818653256434102,
        0.6885352592559194,
        0.8562709673511765,
        0.8437996862601728,
        0.9104756334946438,
        0.9161481286530944,
        0.9219778865131577,
        0.896031640862719,
        0.9067889627631781,
        0.9283491598723684,
        0.9397446392855588,
        0.9413033729389048,
        0.9326914362160769,
        0.9273669011962014,
        0.9237141733624119,
        0.9157539024113087,
        0.914861548748077,
        0.9217630579286707,
        0.9255986333192503,
        0.9285186852699743,
        0.9315297356811543,
        0.9332893569390829,
        0.9378192065858205,
        0.943063015103081,
        0.9477972349574589,
        0.9532934252199916,
        0.9601620923287895,
        0.9663976348647417,
        0.9719776003933485,
        0.9770264467422483,
        0.980918593672254
      ],
      [
        0.7830996495551957,
        0.6601108239191938,
        0.6583635700346674,
        0.8557377570552621,
        0.8485652460341251,
        0.9105687963577127,
        0.918172511883459,
        0.9251393774551259,
        0.901208273569027,
        0.9101567102142957,
        0.9284319388364817,
        0.940068685195665,
        0.9393742570284908,
        0.9309662478305378,
        0.9257020232767486,
        0.9210915137728651,
        0.9131304969380041,
        0.9139883963736598,
        0.9213789488982184,
        0.9260541742350967,
        0.9285895498683765,
        0.930305927164702,
        0.9323331110428759,
        0.9370989212812715,
        0.9424297657137003,
        0.94716890052342,
        0.9529338671199487,
        0.9596173027608244,
        0.9658104705838807,
        0.9713325820278043,
        0.9763686677139548,
        0.9801857447689166
      ]
    ],
    "avg_PC1_r2_value": 0.7107779300694652,
    "avg_PC1_r2_ndigits": 0.9052223697136335
  },
  "CODI-GPT-2": {
    "shape": [
      80,
      6,
      13,
      768
    ],
    "best_cell": [
      10,
      4
    ],