{
  "Huginn": {
    "block": 1,
    "align_op_vs_num": [
      0.07232620955941146,
      -0.33217061462301206,
      -0.0792799577521334,
      -0.22040887803374323,
      -0.33240489187090727,
      -0.2874490082990514,
      0.22951921551251375,
      0.519036084714716,
      0.47527338842817335,
      0.051833572635853524,
      0.24386814163519097,
      0.0553664114813673,
      -0.30379208055078605,
      -0.5094176553286358,
      -0.588441778606568,
      -0.6055790345035943,
      -0.6338285240985057,
      -0.6620667737080886,
      -0.6822288036339612,
      -0.7079593296674221,
      -0.7264831493965151,
      -0.7426702020985109,
      -0.7555554482664905,
      -0.7603462550127311,
      -0.7578473975832754,
      -0.7532453985949017,
      -0.7455584449203236,
      -0.7342910357813217,
      -0.7185130529945866,
      -0.7005101263820156,
      -0.678706926764391,
      -0.6556437465452568
    ],
    "rot_op": [
      1.0,
      0.019916127219101038,
      0.528892660408519,
      0.5959409475320578,
      0.5714498928482225,
      0.5968677803971324,
      0.6161979881790871,
      0.6728946477483012,
      0.6286498716051437,
      0.5511487065370881,
      0.867383376670998,
      0.8856771724600073,
      0.8250749319694216,
      0.9273542252347463,
      0.9697180986394721,
      0.9786242715255199,
      0.9794479633025909,
      0.9811453335601212,
      0.9852235930881669,
      0.9870727231731133,
      0.9900931167148622,
      0.991919331477483,
      0.9941664892423864,
      0.9955425858487663,
      0.9963716890527614,
      0.9972543719693734,
      0.9975366002224005,
      0.9974503550574453,
      0.9975715913249187,
      0.9974031485502541,
      0.9968163435594793,
      0.995635635462807
    ],
    "rot_num": [
      1.0,
      0.11700117301971169,
      0.07943376759298282,
      0.1417640238650726,
      0.6570681963908551,
      0.5313925072205695,
      0.05622547344244814,
      0.7531871176804275,
      0.8784433264207084,
      0.8996025924642715,
      0.8664464236084771,
      0.8957245598487098,
      0.9460498673371384,
      0.9674102184487854,
      0.9706951940878691,
      0.976022183894135,
      0.9792555669509788,
      0.9803616381112831,
      0.9830805508012634,
      0.9851110613071457,
      0.9850205814779488,
      0.9847876329807902,
      0.9863739062392719,
      0.9861613693495588,
      0.9878301649488667,
      0.9905316222337858,
      0.9919197011462656,
      0.9928330838871102,
      0.9932066202153763,
      0.993113450356656,
      0.9922295161788482,
      0.9929760123567143
    ],
    "rot_diff": [
      1.0,
      0.029874334029783775,
      0.3140724079692094,
      0.34067738187470614,
      0.6076956285880024,
      0.5590920185495996,
      0.47636043743567963,
      0.5923688874898388,
      0.5443831410630946,
      0.6987625360481904,
      0.8460242748252037,
      0.8708851856512174,
      0.910833293844343,
      0.9616518020620265,
      0.9755933284749765,
      0.9810051321973526,
      0.9832755317246339,
      0.9851102224048195,
      0.9873087406148573,
      0.9889105551775673,
      0.9901348346542254,
      0.9908094996686504,
      0.9924980993557839,
      0.9931935667981705,
      0.9942507147779058,
      0.9956104159345207,
      0.9963475465764572,
      0.9966486096372174,
      0.9968430995931192,
      0.9967904686917827,
      0.9962090251560397,
      0.9961247439523205
    ],
    "align_diff_to_K1": [
      1.0000001192082895,
      0.029874334029783775,
      0.008249996721736092,
      -0.020020472409761486,
      -0.04112641385947012,
      -0.03848404064770664,
      0.013322002911197086,
      0.011451505807120423,
      0.07083656638853618,
      0.050801787525364614,
      0.04342100024218985,
      0.04314246285806531,
      0.04391167685385127,
      0.03981287404890847,
      0.036556702107154525,
      0.030398707836835976,
      0.02500207498679492,
      0.015727231278999814,
      0.005570663139218481,
      -0.0009303419473961794,
      9.633554145684145e-05,
      0.005276720354058255,
      0.006803819909685006,
      0.0019067153334598546,
      -0.002300396561620319,
      -0.004956021904940417,
      -0.007008460350327635,
      -0.00742290029301497,
      -0.006818578112863636,
      -0.0045754043385340705,
      -0.004052939600668645,
      -0.0024376215003478886
    ],
    "diff_norm": [
      1.3621108531951904,
      1.6322803497314453,
      1.4692035913467407,
      1.562312364578247,
      1.6324247121810913,
      1.6046500205993652,
      1.2413551807403564,
      0.9807800650596619,
      1.0244286060333252,
      1.3770744800567627,
      1.2297413349151611,
      1.3745065927505493,
      1.6148021221160889,
      1.737479329109192,
      1.782381534576416,
      1.791969656944275,
      1.8076674938201904,
      1.823219895362854,
      1.8342458009719849,
      1.8482218980789185,
      1.8582152128219604,
      1.866905927658081,
      1.8737963438034058,
      1.8763515949249268,
      1.8750187158584595,
      1.8725626468658447,
      1.8684539794921875,
      1.8624141216278076,
      1.8539221286773682,
      1.8441855907440186,
      1.8323262929916382,
      1.8196948766708374
    ]
  },
  "CODI-GPT-2": {
    "block": 10,
    "align_op_vs_num": [
      0.22149474108322378,
      0.11809016352293814,
      0.022550081315618933,
      -0.02780009806153378,
      -0.03752897829504511,
      -0.05173790069976665
    ],
    "rot_op": [
      1.0,
      0.6237991074671321,
      0.8263470402011525,
      0.938565201929441,
      0.9826307379566198,
      0.9923448562612146
    ],
    "rot_num": [
      1.0,
      0.11201131498667542,
      0.5722510986921069,
      0.9449260732389907,
      0.9913820567837949,
      0.9976471648487396
    ],
    "rot_diff": [
      1.0,
      0.39300813633212706,
      0.8403295183369768,
      0.9710717201223199,
      0.9929728507985675,
      0.9956082701673088
    ],
    "align_diff_to_K1": [
      0.9999999999989999,
      0.39300813633212706,
      0.43810045719102914,
      0.3941382169719569,
      0.3957561254497385,
      0.3767338395114946
    ],
    "diff_norm": [
      1.247802495956421,
      1.328088402748108,
      1.3981772661209106,
      1.4337364435195923,
      1.4405059814453125,
      1.450336217880249
    ]
  }
}