{
  "N": 1319,
  "N_layers": 12,
  "N_heads": 12,
  "N_latent_steps": 6,
  "N_decode_steps": 10,
  "per_step_num_frac_avg_lh": {
    "latent": [
      0.04700063103201201,
      0.11018606104933572,
      0.04442294987241677,
      0.10069535595200355,
      0.04147313240848109,
      0.09627387114720355
    ],
    "decode": [
      0.02782102612278201,
      0.07821697350986243,
      0.07720102278932753,
      0.07624079015232316,
      0.045386454176681676,
      0.05804510515416439,
      0.03893494177923012,
      0.047270476918677216,
      0.05119725710027312,
      0.10209054134338594
    ]
  },
  "per_step_q_attn_total_avg_lh": {
    "latent": [
      0.9058396298855277,
      0.8831034189462666,
      0.7712509599898345,
      0.833081881974644,
      0.7167791443873435,
      0.8047560577566989
    ],
    "decode": [
      0.8032808669785643,
      0.7450287637039285,
      0.729091249103593,
      0.7106035331306961,
      0.774880066270744,
      0.6825118485906435,
      0.6867120595758966,
      0.6153315968237778,
      0.642707288498848,
      0.5752223573368005
    ]
  }
}