{
  "shape": [
    1318,
    6,
    13,
    768
  ],
  "N": 1318,
  "baseline_acc": 0.4180576631259484,
  "train_acc": [
    [
      0.7982646420824295,
      0.868763557483731,
      0.8655097613882863,
      0.8806941431670282,
      0.8785249457700651,
      0.8817787418655098,
      0.8915401301518439,
      0.911062906724512,
      0.9316702819956616,
      0.9598698481561823,
      0.9696312364425163,
      0.9793926247288504,
      0.9913232104121475
    ],
    [
      0.8145336225596529,
      0.8644251626898047,
      0.8698481561822126,
      0.8828633405639913,
      0.8980477223427332,
      0.9013015184381779,
      0.9143167028199566,
      0.9544468546637744,
      0.972885032537961,
      0.9772234273318872,
      0.9642082429501084,
      0.9793926247288504,
      0.9902386117136659
    ],
    [
      0.8459869848156182,
      0.8882863340563991,
      0.8926247288503254,
      0.8926247288503254,
      0.8980477223427332,
      0.9045553145336226,
      0.9143167028199566,
      0.9219088937093276,
      0.928416485900217,
      0.9609544468546638,
      0.9642082429501084,
      0.9772234273318872,
      0.9869848156182213
    ],
    [
      0.8297180043383948,
      0.8937093275488069,
      0.8947939262472885,
      0.9067245119305857,
      0.9121475054229935,
      0.9099783080260304,
      0.928416485900217,
      0.9522776572668112,
      0.9772234273318872,
      0.9739696312364425,
      0.9804772234273319,
      0.9880694143167028,
      0.9945770065075922
    ],
    [
      0.8568329718004338,
      0.9099783080260304,
      0.9164859002169198,
      0.9143167028199566,
      0.9164859002169198,
      0.9175704989154013,
      0.9219088937093276,
      0.920824295010846,
      0.9240780911062907,
      0.9490238611713666,
      0.9598698481561823,
      0.9663774403470716,
      0.982646420824295
    ],
    [
      0.8329718004338394,
      0.8980477223427332,
      0.9099783080260304,
      0.9143167028199566,
      0.9251626898047722,
      0.9240780911062907,
      0.938177874186551,
      0.9577006507592191,
      0.9750542299349241,
      0.9642082429501084,
      0.9772234273318872,
      0.9837310195227765,
      0.9913232104121475
    ]
  ],
  "test_acc": [
    [
      0.6363636363636364,
      0.648989898989899,
      0.696969696969697,
      0.6843434343434344,
      0.702020202020202,
      0.7095959595959596,
      0.696969696969697,
      0.7272727272727273,
      0.7146464646464646,
      0.7171717171717171,
      0.7323232323232324,
      0.7323232323232324,
      0.7702020202020202
    ],
    [
      0.7550505050505051,
      0.7803030303030303,
      0.7803030303030303,
      0.7803030303030303,
      0.7853535353535354,
      0.797979797979798,
      0.76010101010101,
      0.7348484848484849,
      0.7550505050505051,
      0.7954545454545454,
      0.7853535353535354,
      0.7575757575757576,
      0.7727272727272727
    ],
    [
      0.7575757575757576,
      0.7373737373737373,
      0.7626262626262627,
      0.7954545454545454,
      0.7929292929292929,
      0.7929292929292929,
      0.7954545454545454,
      0.7752525252525253,
      0.7828282828282829,
      0.7803030303030303,
      0.8131313131313131,
      0.7929292929292929,
      0.7575757575757576
    ],
    [
      0.7853535353535354,
      0.8156565656565656,
      0.8106060606060606,
      0.7853535353535354,
      0.8080808080808081,
      0.8055555555555556,
      0.8005050505050505,
      0.7424242424242424,
      0.7803030303030303,
      0.7727272727272727,
      0.7828282828282829,
      0.7550505050505051,
      0.7853535353535354
    ],
    [
      0.7929292929292929,
      0.7651515151515151,
      0.7828282828282829,
      0.7878787878787878,
      0.8005050505050505,
      0.7828282828282829,
      0.7777777777777778,
      0.7904040404040404,
      0.8080808080808081,
      0.8055555555555556,
      0.8257575757575758,
      0.803030303030303,
      0.7904040404040404
    ],
    [
      0.8106060606060606,
      0.7954545454545454,
      0.797979797979798,
      0.7904040404040404,
      0.8131313131313131,
      0.8181818181818182,
      0.8131313131313131,
      0.7651515151515151,
      0.7954545454545454,
      0.7853535353535354,
      0.7702020202020202,
      0.7550505050505051,
      0.76010101010101
    ]
  ],
  "test_auc": [
    [
      0.6874541644840231,
      0.6880041906757466,
      0.7299109481403877,
      0.7433211105290728,
      0.7476951283394447,
      0.7579884756416972,
      0.748952331063384,
      0.7856731272917756,
      0.794054478784704,
      0.8101623886851755,
      0.8186485070717654,
      0.8222367731796751,
      0.8406495547407019
    ],
    [
      0.8465688842325825,
      0.84379256155055,
      0.8378994237820849,
      0.8408067050811945,
      0.8336039811419592,
      0.8510738606600314,
      0.827134625458355,
      0.8089575694080671,
      0.8257726558407542,
      0.8600052383446829,
      0.8350707176532216,
      0.8157674174960712,
      0.8288108957569407
    ],
    [
      0.7989523310633839,
      0.8057359874279728,
      0.8405971712938712,
      0.8595075955997904,
      0.8580146673651126,
      0.848035620743845,
      0.8605028810895757,
      0.8548454688318492,
      0.8550026191723414,
      0.8624410686223154,
      0.8787847040335255,
      0.8696437925615506,
      0.8249607124148769
    ],
    [
      0.8737035096909377,
      0.8753797799895233,
      0.8809586170770036,
      0.862938711367208,
      0.86765322158198,
      0.8734939759036144,
      0.8831063383970666,
      0.8479570455735986,
      0.859350445259298,
      0.8402304871660555,
      0.8162388685175485,
      0.8182294394971188,
      0.832163436354112
    ],
    [
      0.861498166579361,
      0.8356207438449451,
      0.8491618648507071,
      0.8576741749607124,
      0.860712414876899,
      0.8587218438973284,
      0.8630434782608696,
      0.8634887375589314,
      0.8722105814562598,
      0.8876636982713463,
      0.8820062860136197,
      0.8691199580932426,
      0.8596385542168675
    ],
    [
      0.895364064955474,
      0.8813253012048192,
      0.8885542168674698,
      0.8805395495023571,
      0.8872708224201152,
      0.8898376113148245,
      0.8934782608695653,
      0.8691461498166579,
      0.8595337873232058,
      0.8547930853850184,
      0.8300419067574646,
      0.811367207962284,
      0.8240440020953378
    ]
  ]
}