{
  "n_faithful": 433,
  "n_unfaithful": 118,
  "baseline_acc": 0.7858439201451906,
  "real_auc": [
    [
      0.5023066954894645,
      0.5329732904865396,
      0.5401759391622017,
      0.5794101011509749,
      0.5789376145260703,
      0.5935435867337648,
      0.5447582894599212,
      0.5662239132371798,
      0.5503292442925825,
      0.5163527732257902,
      0.5704284969918142,
      0.5751715227657489,
      0.566958720252277
    ],
    [
      0.5954084488763371,
      0.5779678958970127,
      0.5305008348538909,
      0.5318721453226875,
      0.5529416493303735,
      0.5953324209988029,
      0.5409173804570583,
      0.5219629042068114,
      0.5433170042885533,
      0.5944389239488783,
      0.5640997330791968,
      0.6114265541647781,
      0.5365002576231265
    ],
    [
      0.5827329552278124,
      0.5505661413479307,
      0.5727468145772076,
      0.5375688124929783,
      0.5261270043272938,
      0.548536874973366,
      0.5795181382177128,
      0.5688624195654111,
      0.5674028295929554,
      0.5837123105114109,
      0.604953821538843,
      0.6217607765884499,
      0.6041577563931213
    ],
    [
      0.5872214571009069,
      0.5464308543402717,
      0.5451540702516959,
      0.5365854863266042,
      0.5375872625702652,
      0.5577168295697114,
      0.5436014066610106,
      0.5524155073625978,
      0.6190338454803607,
      0.6327715502713759,
      0.5587798155185973,
      0.6468073618229644,
      0.615643437970937
    ],
    [
      0.6045577017692704,
      0.5762864207431168,
      0.6234306296464172,
      0.5849181029640219,
      0.5941715188917169,
      0.5916042463264493,
      0.576498669270016,
      0.6196583878603333,
      0.5604390149886297,
      0.6466634415350464,
      0.5929090687214533,
      0.5988251998031993,
      0.5636216291079267
    ],
    [
      0.5045101480267618,
      0.5811646986584227,
      0.5621026695954348,
      0.5461557980699573,
      0.5754629468211631,
      0.5931011722820759,
      0.5529852806155062,
      0.5136543162527263,
      0.5668173180851435,
      0.5918582375478927,
      0.6124170472903083,
      0.6453115980769306,
      0.5848440605278756
    ]
  ],
  "real_acc": [
    [
      0.5951678951678951,
      0.6406388206388206,
      0.6496969696969697,
      0.6515479115479116,
      0.6662244062244062,
      0.6406060606060606,
      0.6334807534807535,
      0.6570352170352171,
      0.6533988533988535,
      0.6243407043407043,
      0.638886158886159,
      0.657002457002457,
      0.6224406224406225
    ],
    [
      0.648026208026208,
      0.6698607698607698,
      0.6315806715806717,
      0.6315970515970516,
      0.636904176904177,
      0.6696969696969697,
      0.6695659295659295,
      0.6261097461097462,
      0.6334479934479935,
      0.6643079443079442,
      0.6806552006552007,
      0.6715315315315316,
      0.597051597051597
    ],
    [
      0.6387714987714987,
      0.658837018837019,
      0.6660933660933661,
      0.6443407043407043,
      0.6352825552825553,
      0.6388533988533988,
      0.6642915642915643,
      0.6806060606060605,
      0.6442915642915643,
      0.6389680589680589,
      0.6461425061425061,
      0.6642260442260444,
      0.6659787059787059
    ],
    [
      0.6696642096642096,
      0.6406388206388206,
      0.6370352170352171,
      0.6388370188370188,
      0.6371007371007371,
      0.627944307944308,
      0.638935298935299,
      0.6642424242424243,
      0.6624242424242424,
      0.7005569205569205,
      0.6443243243243243,
      0.7005733005733006,
      0.6641769041769041
    ],
    [
      0.6588042588042589,
      0.6407043407043407,
      0.6915479115479115,
      0.657002457002457,
      0.6588861588861589,
      0.6896969696969697,
      0.6642260442260441,
      0.6969369369369369,
      0.6641769041769041,
      0.715053235053235,
      0.6841113841113842,
      0.6478951678951679,
      0.6260606060606062
    ],
    [
      0.6243407043407043,
      0.6643243243243244,
      0.6316461916461916,
      0.6334643734643735,
      0.6551678951678952,
      0.6733333333333332,
      0.6352170352170352,
      0.6370352170352171,
      0.6134152334152334,
      0.6642751842751843,
      0.666109746109746,
      0.6987551187551189,
      0.6497133497133497
    ]
  ],
  "real_recall_unfaithful": [
    [
      0.32282608695652176,
      0.33115942028985507,
      0.38224637681159424,
      0.3659420289855072,
      0.3659420289855072,
      0.36485507246376814,
      0.331159420289855,
      0.41594202898550725,
      0.3822463768115942,
      0.3485507246376811,
      0.4083333333333333,
      0.37318840579710144,
      0.33804347826086956
    ],
    [
      0.3902173913043478,
      0.3992753623188406,
      0.33043478260869563,
      0.3213768115942029,
      0.4228260869565217,
      0.39746376811594203,
      0.39746376811594203,
      0.34746376811594204,
      0.34891304347826085,
      0.3985507246376812,
      0.35507246376811596,
      0.37318840579710144,
      0.3307971014492753
    ],
    [
      0.3989130434782609,
      0.34601449275362317,
      0.38115942028985506,
      0.31376811594202897,
      0.305072463768116,
      0.322463768115942,
      0.32971014492753625,
      0.3717391304347826,
      0.35579710144927534,
      0.41521739130434787,
      0.40652173913043477,
      0.40760869565217395,
      0.4
    ],
    [
      0.425,
      0.3902173913043478,
      0.39963768115942033,
      0.37282608695652175,
      0.38115942028985506,
      0.34710144927536235,
      0.32173913043478264,
      0.31521739130434784,
      0.416304347826087,
      0.4253623188405797,
      0.2963768115942029,
      0.45760869565217394,
      0.3641304347826087
    ],
    [
      0.38079710144927537,
      0.3539855072463768,
      0.4394927536231884,
      0.3554347826086957,
      0.3568840579710145,
      0.3822463768115942,
      0.4231884057971015,
      0.41594202898550725,
      0.3467391304347826,
      0.39818840579710146,
      0.36485507246376814,
      0.4231884057971015,
      0.3293478260869565
    ],
    [
      0.3579710144927536,
      0.3920289855072464,
      0.3739130434782609,
      0.32210144927536233,
      0.3804347826086957,
      0.3989130434782609,
      0.3474637681159421,
      0.2554347826086957,
      0.3561594202898551,
      0.4083333333333334,
      0.34746376811594204,
      0.4329710144927536,
      0.3822463768115942
    ]
  ],