{
  "N": 295,
  "N_LAYERS": 12,
  "avg_numeric_tokens": 3.58,
  "r2_per_layer": {
    "K_first->first_val": [
      0.39265634270694627,
      0.4178907295490105,
      0.4540628169210217,
      0.5251429118416667,
      0.5191579743917585,
      0.48547862145011,
      0.3912788082120193,
      0.40722753647358256,
      0.4524397339402465,
      0.44407683806366816,
      0.3662600736481132,
      0.39568954800789335
    ],
    "V_first->first_val": [
      0.4319583327765133,
      0.4720747531651516,
      0.46885905057726074,
      0.5197682720441698,
      0.5221929854369385,
      0.46879301739304624,
      0.3805883405506848,
      0.46712978173792385,
      0.48692708269831797,
      0.40015318320064397,
      0.41281741471439737,
      0.3807858704738165
    ],
    "K_last->last_val": [
      0.7717150294665557,
      0.8154898646118316,
      0.835226072663025,
      0.8510686558294502,
      0.790018917725169,
      0.4621435763001379,
      0.5203331364236408,
      0.37716975427980826,
      0.2719198396070597,
      0.3413435559650899,
      0.3578297076408712,
      0.37397290573572484
    ],
    "V_last->last_val": [
      0.7305967581472756,
      0.8447552074641553,
      0.7988211557894326,
      0.8369891202654307,
      0.7432527315476545,
      0.6830834998488715,
      0.5695300861769719,
      0.6587601935776612,
      0.5176121283073056,
      0.4516615968458475,
      0.5326646596853579,
      0.45058790282856986
    ],
    "K_first->gold": [
      -0.7515462765855176,
      -0.9423433118888829,
      -1.4303273893380184,
      -1.5129519797674558,
      -1.3003113444530467,
      -2.202920405822448,
      -1.790568376680393,
      -1.854233039762049,
      -2.0149137154859043,
      -1.7413434039628863,
      -2.150405731725294,
      -2.0699400070664296
    ],
    "V_first->gold": [
      -0.3578857838486078,
      -0.5974613873859387,
      -1.1256815371417228,
      -0.8767050261247331,
      -0.9125727304267275,
      -1.3464651397203147,
      -1.6340344760305148,
      -1.3631666885705989,
      -1.5300521494346375,
      -2.190266512176833,
      -3.223944531986806,
      -3.699409912985134
    ],
    "K_last->gold": [
      -0.4132870411870109,
      -0.623786143772483,
      -0.5182753130759734,
      -0.8307576958591489,
      -0.5492677663679644,
      -0.5107837648602838,
      -1.0007532887007562,
      -0.7680116161467665,
      -0.7330735243617836,
      -0.45752983628485744,
      -0.4577124581512224,
      -0.6136219321090093
    ],
    "V_last->gold": [
      -0.2090406037770962,
      -0.5390695742623186,
      -0.4800776342753186,
      -0.6336006567600605,
      -0.5366360527758685,
      -0.43363727432058985,
      -0.7401278110264513,
      -0.9636757552689097,
      -0.5828648091837128,
      -0.41891523376219064,
      -0.4966204905288889,
      -0.5008393613591926
    ]
  }
}