{
  "units_digit_acc_per_layer": [
    0.14499999582767487,
    0.17000000178813934,
    0.14000000059604645,
    0.1599999964237213,
    0.17000000178813934,
    0.17499999701976776,
    0.14499999582767487,
    0.14000000059604645,
    0.1550000011920929,
    0.1550000011920929,
    0.14000000059604645,
    0.1550000011920929,
    0.1599999964237213
  ],
  "tens_digit_acc_per_layer": [
    0.4000000059604645,
    0.38999998569488525,
    0.36500000953674316,
    0.36500000953674316,
    0.36500000953674316,
    0.375,
    0.3700000047683716,
    0.36500000953674316,
    0.3499999940395355,
    0.32499998807907104,
    0.36500000953674316,
    0.375,
    0.41499999165534973
  ],
  "operator_acc_per_layer": [
    0.5299999713897705,
    0.7699999809265137,
    0.7350000143051147,
    0.7599999904632568,
    0.7450000047683716,
    0.7749999761581421,
    0.7749999761581421,
    0.7900000214576721,
    0.8349999785423279,
    0.8550000190734863,
    0.8600000143051147,
    0.8650000095367432,
    0.824999988079071
  ],
  "proj_mean_per_layer": [
    2.57342267036438,
    -4.869266033172607,
    -4.792220592498779,
    -5.559090614318848,
    -7.339378833770752,
    -8.371318817138672,
    -8.87821102142334,
    -14.162918090820312,
    -20.984481811523438,
    -38.59091567993164,
    -81.57266998291016,
    -209.98455810546875,
    -174.83946228027344
  ],
  "median_rank_per_layer": [
    49946.5,
    659.0,
    828.5,
    746.0,
    900.0,
    876.5,
    935.0,
    2166.5,
    3517.0,
    6463.5,
    9825.5,
    2676.5,
    4609.0
  ],
  "pct_top1_per_layer": [
    0.0,
    0.0,
    0.0,
    0.0,
    0.0,
    0.0,
    0.0,
    0.0,
    0.0,
    0.0,
    0.0,
    0.0,
    0.0
  ]
}